Date,Home Team,Home Score,Away Team,Away Score
2025-11-20,Galena,80,Exeter,33
2025-11-20,North Point,32,Francis Howell,67
2025-11-20,Ladue Horton Watkins,57,John Burroughs,51
2025-11-20,Higbee,53,La Plata,43
2025-11-20,Kingsville,70,Otterville,53
2025-11-20,Believe Acad Charter,25,Riverview Gardens,77
2025-11-20,Harrisonville,50,Savannah,64
2025-11-20,Leopold,83,Zalma,30
2025-11-21,Hermitage,77,Ballard,54
2025-11-21,Kirkwood,43,Battle,75
2025-11-21,Bourbon,36,Bismarck,61
2025-11-21,Greenville,45,Bloomfield,48
2025-11-21,Christian Fellowship Sr.,61,Bunceton,18
2025-11-21,University City,51,Cardinal Ritter,74
2025-11-21,KIPP KC Legacy,38,Center,75
2025-11-21,Puxico,86,Clearwater,32
2025-11-21,Palmyra,50,Clopton,28
2025-11-21,Green Ridge,45,Crest Ridge,50
2025-11-21,DeLaSalle Charter (KC),28,Crossroads Prep Charter,54
2025-11-21,Zalma,36,Delta,115
2025-11-21,Northwest (Cedar Hill),64,DeSoto,61
2025-11-21,Holt,65,Ft. Zumwalt East,30
2025-11-21,Lathrop,28,Gallatin,70
2025-11-21,Marquand-Zion,59,Gideon,65
2025-11-21,Meadville,50,Glasgow,68
2025-11-21,Northeast Vernon County,67,Golden City,87
2025-11-21,Sarcoxie,72,Greenfield,46
2025-11-21,Niangua,26,Halfway,68
2025-11-21,Polo,62,Hardin-Central,33
2025-11-21,Windsor (Imperial),75,Herculaneum,33
2025-11-21,Chamois,35,Hermann,51
2025-11-21,Miller,67,Hollister,31
2025-11-21,School of the Ozarks,42,Humansville,32
2025-11-21,Wheatland,80,Hume,20
2025-11-21,Chilhowee,67,La Monte,58
2025-11-21,Raytown South,40,Lincoln College Prep,47
2025-11-21,Van-Far,49,Linn,29
2025-11-21,Sherwood,44,Midway,34
2025-11-21,Lakeland,57,Montrose,27
2025-11-21,Gloria Deo Academy,74,New Covenant Academy,67
2025-11-21,Guadalupe Centers Charter,18,Northland Christian,66
2025-11-21,Orrick,66,Northwestern (Mendon),50
2025-11-21,Dora,22,Norwood,82
2025-11-21,Salem,45,Prairie Home,44
2025-11-21,Pacific,33,Rolla,63
2025-11-21,Leeton,51,Sacred Heart,50
2025-11-21,Northwest (Hughesville),54,Scott County Central,67
2025-11-21,Dadeville,55,South Callaway,50
2025-11-21,Missouri Military Academy,58,South Pemiscot,91
2025-11-21,Gateway Science Charter,44,Soldan International Studies,54
2025-11-21,Exeter,46,Tuscumbia,59
2025-11-21,Harrisburg,56,Worth County,38
2025-11-21,Bakersfield,62,Wright City,22
2025-11-21,Marshall,73,Sweet Springs,35
2025-11-21,Climax Springs,74,Tuscumbia,56
2025-11-21,Northeast (Kansas City),39,University Academy Charter,57
2025-11-21,St. Pius X (Kansas City),60,Versailles,72
2025-11-21,Fatima,68,Versailles,64
2025-11-21,Richland,39,Vienna,55
2025-11-21,Brookfield,54,Westran,81
2025-11-22,Hurley,21,Blue Eye,83
2025-11-22,Christian Fellowship Sr.,57,Community,21
2025-11-22,Verona,35,Fordland,76
2025-11-22,Van-Far,68,Higbee,45
2025-11-22,New Bloomfield,77,Highland,22
2025-11-22,North Pemiscot,42,Marquand-Zion,75
2025-11-22,Savannah,59,Mexico,58
2025-11-22,Wright City,38,Neelyville,75
2025-11-22,Columbia Independent,40,New Franklin,70
2025-11-22,Missouri Military Academy,27,North Callaway,80
2025-11-22,Wheaton,36,Pleasant Hope,68
2025-11-22,Jasper,61,Purdy,52
2025-11-22,Bunker,59,St. James,47
2025-11-24,Clearwater,39,Arcadia Valley,65
2025-11-24,Monett,51,Billings,69
2025-11-24,Jasper,34,Blue Eye,62
2025-11-24,Glasgow,53,Brunswick,60
2025-11-24,La Monte,81,Bunceton,24
2025-11-24,New Bloomfield,44,Calvary Lutheran,58
2025-11-24,Lift for Life Academy Charter,64,Chaminade College Prep,74
2025-11-24,Wheatland,48,Climax Springs,59
2025-11-24,Plato,60,Couch,81
2025-11-24,Spokane,63,Exeter,31
2025-11-24,Vienna,32,Fatima,53
2025-11-24,Pleasant Hope,64,Fordland,79
2025-11-24,Golden City,51,Greenfield,59
2025-11-24,Linn County,46,Grundy County with Newtown-Harris,42
2025-11-24,Troy Buchanan,54,Holt,72
2025-11-24,Northwestern (Mendon),68,Keytesville,31
2025-11-24,Perryville,48,Kingston,61
2025-11-24,Lexington,71,Lathrop,40
2025-11-24,West County,64,Lesterville,24
2025-11-24,Belle,66,Linn,49
2025-11-24,Orrick,43,Lutheran (Kansas City),51
2025-11-24,Bevier,46,Madison,45
2025-11-24,Hazelwood West,52,Maplewood-Richmond Hts.,47
2025-11-24,New Heights Christian,63,Miller,59
2025-11-24,Plattsburg,66,Mound City,43
2025-11-24,Rich Hill,67,Northeast Vernon County,59
2025-11-24,Richmond,50,Oak Grove,90
2025-11-24,Sweet Springs,42,Pilot Grove,78
2025-11-24,Hurley,26,Purdy,73
2025-11-24,Crocker,48,Richland,56
2025-11-24,Ellington,16,Stanberry,83
2025-11-24,Braymer,69,Thayer,38
2025-11-24,Sarcoxie,87,Van-Far,59
2025-11-24,Benton,68,St. Michael the Archangel,46
2025-11-24,Macks Creek,71,Westran,81
2025-11-24,Osceola,45,Willard,49
2025-11-24,Wheaton,72,Verona,29
2025-11-25,Oakville,77,Affton,33
2025-11-25,Bakersfield,70,Alton,65
2025-11-25,Crane,67,Ash Grove,60
2025-11-25,Union,44,Bayless,75
2025-11-25,Valley,73,Bourbon,32
2025-11-25,Mansfield,101,Bradleyville,64
2025-11-25,North Platte,66,Braymer,56
2025-11-25,Knox County,48,Canton,59
2025-11-25,Sparta,59,Central (St. Joseph),55
2025-11-25,California,53,Centralia,55
2025-11-25,Hardin-Central,38,Chilhowee,51
2025-11-25,Sacred Heart,53,Christian Fellowship Sr.,61
2025-11-25,Senath-Hornersville,64,Clark County,32
2025-11-25,Lesterville,44,Clearwater,46
2025-11-25,Knob Noster,55,Clinton,62
2025-11-25,New Franklin,58,Crest Ridge,42
2025-11-25,East Newton,41,Diamond,32
2025-11-25,Winona,57,Dora,33
2025-11-25,Trenton,52,East Buchanan,74
2025-11-25,Wright City,33,East Carter,69
2025-11-25,Hazelwood East,52,Father Tolton,36
2025-11-25,Ft. Zumwalt East,35,Francis Howell North,68
2025-11-25,Bismarck,30,Fredericktown,84
2025-11-25,Cabool,18,Gainesville,84
2025-11-25,Gloria Deo Academy,42,Galena,60
2025-11-25,Capital City,98,Hallsville,94
2025-11-25,Gateway Science Charter,36,Hancock,64
2025-11-25,Ladue Horton Watkins,61,Hazelwood West,58
2025-11-25,North Point,45,Holt,71
2025-11-25,Clever,65,Houston,42
2025-11-25,Verona,59,Hurley,23
2025-11-25,Grandview,62,KIPP KC Legacy,34
2025-11-25,Highland,35,Kirksville,65
2025-11-25,McAuley Catholic,46,Liberal,24
2025-11-25,Salem,53,Licking,45
2025-11-25,Drexel,60,Lone Jack,45
2025-11-25,Westminster Christian Academy,74,Lutheran St. Charles,55
2025-11-25,Brookfield,57,Macon,64
2025-11-25,North Shelby,61,Marion County,60
2025-11-25,Lindbergh,72,Marquette,63
2025-11-25,Owensville,19,McCluer North,66
2025-11-25,Zalma,40,Meadow Heights,97
2025-11-25,Putnam County,60,Mercer,49
2025-11-25,Ewing Marion Kauffman,56,Mid-Buchanan,53
2025-11-25,Cardinal Ritter,53,Miller Career Academy,60
2025-11-25,Hermitage,79,Montrose,37
2025-11-25,Eldon,56,Mountain Grove,84
2025-11-25,Vienna,56,New Bloomfield,52
2025-11-25,Belle,62,New Haven,54
2025-11-25,North Harrison,57,North Nodaway,34
2025-11-25,Rockwood Summit,88,Northwest (Cedar Hill),71
2025-11-25,Salem,65,Northwest (Hughesville),53
2025-11-25,Billings,40,Norwood,59
2025-11-25,Milan,26,Novinger,55
2025-11-25,Ruskin,46,Oak Park,80
2025-11-25,Jefferson City,84,Osage,80
2025-11-25,Parkway West,45,Parkway North,53
2025-11-25,Parkway Central,55,Parkway South,51
2025-11-25,Gallatin,59,Pattonsburg,20
2025-11-25,St. Pius X (Kansas City),63,Pembroke Hill,84
2025-11-25,Tuscumbia,29,Pierce City,49
2025-11-25,Conway,61,Plato,33
2025-11-25,Orrick,67,Polo,49
2025-11-25,La Monte,48,Scott County Central,74
2025-11-25,Palmyra,61,Schuyler County,38
2025-11-25,Lafayette (Wildwood),53,Seckman,48
2025-11-25,Lakeland,27,Sherwood,39
2025-11-25,Prairie Home,54,Smithton,28
2025-11-25,Stover,53,St. Elizabeth,76
2025-11-25,Westran,46,South Shelby,44
2025-11-25,Higbee,74,Thayer,34
2025-11-25,Hollister,74,Spokane,55
2025-11-25,Union,69,Springfield Catholic,52
2025-11-25,St. Charles West,72,St. Charles,68
2025-11-25,DeKalb,16,St. Joseph Christian,50
2025-11-25,Mound City,59,Vienna,47
2025-11-25,Dixon,68,Warsaw,56
2025-11-25,Butler,20,Wellsville-Middletown,56
2025-11-25,Madison,37,Worth County,46
2025-11-25,Warsaw,54,Sweet Springs,45
2025-11-25,Sarcoxie,48,Thomas Jefferson Independent Day,51
2025-11-25,Liberty (Wentzville),44,Timberland,49
2025-11-25,Versailles,51,St. Charles,45
2025-11-25,Iberia,80,Tuscumbia,73
2025-11-25,Elsberry,35,Valley Park,58
2025-11-25,Greenfield,62,Walnut Grove,60
2025-11-25,Community,53,Wellsville-Middletown,30
2025-11-25,King City,50,West Nodaway with Nodaway-Holt,62
2025-11-25,Ozark,74,West Plains,53
2025-11-25,Cameron,41,West Platte,51
2025-11-25,Jefferson (Festus),70,Windsor (Imperial),77
2025-11-25,Chillicothe,29,Winnetonka,57
2025-11-25,Hermann,45,Wright City,25
2025-11-26,West County,47,Arcadia Valley,55
2025-11-26,Ellington,51,Bismarck,57
2025-11-26,Fordland,65,Blue Eye,51
2025-11-26,Stanberry,43,Fredericktown,39
2025-11-26,Verona,59,Hurley,23
2025-11-26,Pleasant Hope,81,Jasper,65
2025-11-26,St. Francis Borgia,75,Pacific,32
2025-11-26,Wheaton,61,Purdy,73
2025-11-26,Confluence Prep Academy Charter,71,Washington,57
2025-11-27,Stanberry,47,Arcadia Valley,55
2025-11-27,Clearwater,64,Bismarck,74
2025-11-27,West County,47,Fredericktown,55
2025-11-28,McCluer North,66,Bayless,47
2025-11-28,Cuba,49,Campbell,53
2025-11-28,Webster Groves,95,Caruthersville,58
2025-11-28,Lutheran North,83,Central (New Madrid County),60
2025-11-28,Winona,47,Clarkton,65
2025-11-28,Summersville,58,Neelyville,50
2025-11-28,Union,41,Owensville,38
2025-11-28,Washington,50,Pacific,51
2025-11-28,Van Buren,71,Richland (Essex),46
2025-11-28,Woodland,84,Smithville,76
2025-11-28,Confluence Prep Academy Charter,32,St. Francis Borgia,67
2025-11-29,East Carter,64,Alton,55
2025-11-29,Kennett,49,Bakersfield,57
2025-11-29,Confluence Prep Academy Charter,45,Bayless,86
2025-11-29,Eminence,37,Bunker,75
2025-11-29,Lutheran North,74,Caruthersville,69
2025-11-29,Van Buren,81,Doniphan,57
2025-11-29,Wright City,41,Greenville,74
2025-11-29,Center,58,Jefferson City,51
2025-11-29,Laquey,50,Licking,69
2025-11-29,St. Francis Borgia,54,McCluer North,67
2025-11-29,Washington,53,Owensville,46
2025-11-29,Plato,74,Richland,77
2025-11-29,Pacific,38,Union,50
2025-12-01,Oakville,76,Affton,27
2025-12-01,Hartville,65,Aurora,37
2025-12-01,Scott County Central,28,Bell City,76
2025-12-01,Wheaton,53,Billings,72
2025-12-01,Portageville,42,Bloomfield,52
2025-12-01,West County,86,Bourbon,21
2025-12-01,Madison,24,Brashear,51
2025-12-01,Keytesville,9,Brunswick,79
2025-12-01,Mountain Grove,76,Buffalo,36
2025-12-01,Smithville,70,Cassville,38
2025-12-01,Oran,65,Chaffee,80
2025-12-01,North Shelby,68,Clark County,61
2025-12-01,Miller,38,Clever,56
2025-12-01,Verona,20,Crane,67
2025-12-01,West Nodaway with Nodaway-Holt,66,DeKalb,17
2025-12-01,Perryville,51,East Prairie,72
2025-12-01,Leopold,50,Greenville,47
2025-12-01,Northwestern (Mendon),47,Higbee,79
2025-12-01,Lebanon,56,Hollister,52
2025-12-01,Bismarck,52,Kingston,60
2025-12-01,Golden City,44,Lockwood,56
2025-12-01,California,59,Marshall,78
2025-12-01,Risco,73,Neelyville,72
2025-12-01,Northeast (Cairo),55,New Franklin,59
2025-12-01,Woodland,85,Oak Ridge,31
2025-12-01,Cuba,51,Salem,54
2025-12-01,New Heights Christian,54,Sarcoxie,47
2025-12-01,Westminster Christian Academy,65,Troy Buchanan,39
2025-12-01,Meadow Heights,53,St. Clair,70
2025-12-01,Lift for Life Academy Charter,60,Vianney,87
2025-12-02,Warrensburg,71,Adrian,36
2025-12-02,Princeton,53,Albany,37
2025-12-02,Winona,60,Ava,48
2025-12-02,Raytown South,81,Belton,87
2025-12-02,Holcomb,22,Bernie,72
2025-12-02,Portageville,42,Bloomfield,52
2025-12-02,Park Hill,75,Blue Springs,49
2025-12-02,Bishop DuBourg,42,Brentwood,83
2025-12-02,South Callaway,62,Bronaugh,23
2025-12-02,Canton,61,Brookfield,56
2025-12-02,Keytesville,9,Brunswick,79
2025-12-02,Lincoln,66,Butler,31
2025-12-02,East Buchanan,49,Cameron,42
2025-12-02,Clarkton,58,Campbell,70
2025-12-02,Boonville,43,Capital City,68
2025-12-02,Nevada,54,Carthage,46
2025-12-02,Winnetonka,52,Central (St. Joseph),55
2025-12-02,Gainesville,62,Chadwick,66
2025-12-02,Dexter,63,Charleston,75
2025-12-02,Maryville,60,Chillicothe,43
2025-12-02,Windsor,54,Cole Camp,40
2025-12-02,Otterville,49,Columbia Independent,56
2025-12-02,Marion County,62,Community,43
2025-12-02,Liberty (Mountain View),60,Couch,47
2025-12-02,Westran,59,Crocker,47
2025-12-02,Jefferson (Festus),81,Crystal City,34
2025-12-02,West Nodaway with Nodaway-Holt,65,DeKalb,17
2025-12-02,Delta (Deering),52,Delta,87
2025-12-02,Sikeston,98,DeSoto,41
2025-12-02,Malden,63,Doniphan,40
2025-12-02,Naylor,49,East Carter,71
2025-12-02,Exeter,19,East Newton,59
2025-12-02,Perryville,50,East Prairie,72
2025-12-02,Alton,62,Ellington,40
2025-12-02,Winfield,67,Elsberry,37
2025-12-02,Sarcoxie,64,Eugene,74
2025-12-02,Halfway,81,Everton,43
2025-12-02,St. Pius X (Festus),42,Farmington,100
2025-12-02,Harrisburg,71,Fayette,56
2025-12-02,Blue Eye,65,Fordland,47
2025-12-02,Liberty North,84,Fort Osage,57
2025-12-02,Central (Cape Girardeau),72,Fox,53
2025-12-02,Marceline,24,Glasgow,63
2025-12-02,St. Clair,56,Grandview (Hillsboro),31
2025-12-02,Thomas Jefferson Independent Day,46,Greenfield,45
2025-12-02,Oak Ridge,35,Greenville,63
2025-12-02,Ft. Zumwalt East,42,Hannibal,37
2025-12-02,University City,55,Hazelwood East,80
2025-12-02,St. Vincent,72,Herculaneum,64
2025-12-02,Lakeland,32,Hermitage,58
2025-12-02,Northwestern (Mendon),47,Higbee,79
2025-12-02,Lebanon,56,Hollister,52
2025-12-02,Eminence,70,Houston,59
2025-12-02,Macks Creek,63,Humansville,54
2025-12-02,Miami (Amoret),55,Hume,28
2025-12-02,Newburg,54,Iberia,57
2025-12-02,Rich Hill,36,Jasper,51
2025-12-02,Richland (Essex),44,Kelly,42
2025-12-02,Bismarck,52,Kingston,60
2025-12-02,Leeton,48,Knob Noster,73
2025-12-02,Zalma,44,Lesterville,47
2025-12-02,Holt,47,Liberty (Wentzville),40
2025-12-02,Osceola,60,Marion C. Early,53
2025-12-02,California,59,Marshall,78
2025-12-02,Fair Grove,51,Marshfield,72
2025-12-02,North Harrison,50,Maysville,72
2025-12-02,Chaminade College Prep,48,McCluer North,54
2025-12-02,Reeds Spring,47,McDonald County,59
2025-12-02,New Haven,35,Mexico,72
2025-12-02,Tarkio with Fairfax,64,Mid-Buchanan,74
2025-12-02,Lutheran (Kansas City),51,Midway,18
2025-12-02,Mercer,63,Milan,44
2025-12-02,Macon,42,Moberly,43
2025-12-02,Bishop LeBlond,57,Mound City,27
2025-12-02,Risco,73,Neelyville,72
2025-12-02,Centralia,62,North Callaway,66
2025-12-02,St. Joseph Christian,32,North Nodaway,26
2025-12-02,Lone Jack,73,North Platte,97
2025-12-02,Gloria Deo Academy,37,Norwood,73
2025-12-02,St. Paul Lutheran (Concordia),53,Odessa,42
2025-12-02,Eugene,31,Osage,93
2025-12-02,St. Francis Borgia,64,Pacific,40
2025-12-02,Mark Twain,17,Palmyra,66
2025-12-02,Parkway West,58,Parkway Central,53
2025-12-02,Parkway North,51,Parkway South,45
2025-12-02,Summit Christian Academy,71,Paseo Academy,20
2025-12-02,Stover,55,Pattonsburg,44
2025-12-02,School of the Ozarks,37,Pierce City,57
2025-12-02,Savannah,69,Platte County,60
2025-12-02,Walnut Grove,52,Pleasant Hope,59
2025-12-02,Webb City,38,Potosi,66
2025-12-02,Senath-Hornersville,82,Putnam County,50
2025-12-02,Dixon,68,Richland,42
2025-12-02,Lee's Summit West,42,Rockhurst,64
2025-12-02,Cuba,51,Salem,54
2025-12-02,Versailles,58,South Shelby,85
2025-12-02,St. Elizabeth,33,Sparta,85
2025-12-02,Chamois,42,Slater,85
2025-12-02,Greenwood,66,Tuscumbia,32
2025-12-02,Willow Springs,50,Union,62
2025-12-02,Warrenton,60,Warsaw,54
2025-12-02,Clinton,76,Willard,42
2025-12-02,North Point,45,Timberland,69
2025-12-02,Bishop DuBourg,42,Valley Park,83
2025-12-02,Weaubleau,45,Warsaw,46
2025-12-02,Union,55,Washington,43
2025-12-02,Neosho,70,Waynesville,44
2025-12-02,Faith Christian Academy,78,West Nodaway with Nodaway-Holt,27
2025-12-02,Lathrop,39,William Chrisman,74
2025-12-03,Oakville,76,Affton,27
2025-12-03,North Andrew,62,Albany,54
2025-12-03,New Covenant Academy,52,Ash Grove,76
2025-12-03,Novinger,61,Atlanta,64
2025-12-03,Northeast Vernon County,54,Ballard,42
2025-12-03,West County,85,Bourbon,21
2025-12-03,Clopton,40,Bowling Green,43
2025-12-03,Madison,24,Brashear,51
2025-12-03,STEAM Academy,33,Brentwood,40
2025-12-03,St. Paul Lutheran (Farmington),39,Bunker,87
2025-12-03,South Shelby,76,Camdenton,64
2025-12-03,Saxony Lutheran,79,Central (Park Hills),54
2025-12-03,California,64,Chamois,37
2025-12-03,St. Elizabeth,50,Chillicothe,55
2025-12-03,North Shelby,68,Clark County,61
2025-12-03,Portageville,61,Clarkton,50
2025-12-03,Windsor (Imperial),51,Clayton,86
2025-12-03,Marion County,62,Community,43
2025-12-03,Holden,63,Concordia,59
2025-12-03,Plato,33,Crocker,42
2025-12-03,Fair Play,42,Dadeville,70
2025-12-03,North Nodaway,41,DeKalb,29
2025-12-03,Ste. Genevieve,70,DeSoto,42
2025-12-03,McAuley Catholic,31,Diamond,25
2025-12-03,Hannibal,35,Elsberry,46
2025-12-03,St. Pius X (Festus),42,Farmington,100
2025-12-03,Montgomery County,60,Fatima,42
2025-12-03,Harrisburg,71,Fayette,56
2025-12-03,Hickman,71,Francis Howell Central,68
2025-12-03,St. Charles,54,Ft. Zumwalt North,53
2025-12-03,Fox,44,Ft. Zumwalt West,95
2025-12-03,Hermann,44,Fulton,68
2025-12-03,Polo,19,Gallatin,68
2025-12-03,St. Clair,56,Grandview (Hillsboro),31
2025-12-03,Prairie Home,44,Green Ridge,67
2025-12-03,La Plata,59,Grundy County with Newtown-Harris,46
2025-12-03,DeLaSalle Charter (KC),52,Guadalupe Centers Charter,39
2025-12-03,Lutheran St. Charles,69,Hazelwood Central,59
2025-12-03,Rock Bridge,65,Hazelwood West,34
2025-12-03,Platte County,55,Hogan Prep Academy Charter,26
2025-12-03,Neelyville,65,Holcomb,22
2025-12-03,Branson,84,Hollister,41
2025-12-03,St. Dominic,69,Holt,54
2025-12-03,Newburg,54,Iberia,57
2025-12-03,Rockwood Summit,54,Jackson,58
2025-12-03,Scott County Central,57,Kelly,68
2025-12-03,Vienna,30,King City,61
2025-12-03,Appleton City,38,Kingsville,52
2025-12-03,El Dorado Springs,58,Lamar,77
2025-12-03,William Chrisman,30,Lee's Summit North,74
2025-12-03,Gateway Science Charter,17,Lindbergh,93
2025-12-03,Vianney,85,Lutheran St. Charles,38
2025-12-03,Metro,21,Maplewood-Richmond Hts.,77
2025-12-03,Valley,73,Marquand-Zion,53
2025-12-03,Sparta,58,Maryville,52
2025-12-03,Webster Groves,95,McKinley Classical Leadership,42
2025-12-03,Perryville,68,Meadow Heights,53
2025-12-03,Hancock,34,Mehlville,106
2025-12-03,Oakville,72,Mehlville,66
2025-12-03,New Haven,35,Mexico,72
2025-12-03,St. James,43,Mid-Buchanan,91
2025-12-03,Chilhowee,49,Montrose,33
2025-12-03,Wheatland,63,Niangua,26
2025-12-03,Versailles,51,North Kansas City,55
2025-12-03,Center,62,Pembroke Hill,69
2025-12-03,Jamestown,51,Pilot Grove,63
2025-12-03,Warrenton,53,Potosi,64
2025-12-03,Brookfield,74,Putnam County,41
2025-12-03,Francis Howell North,56,Ritenour,61
2025-12-03,Lutheran South,102,Roosevelt,42
2025-12-03,Van-Far,57,Sarcoxie,52
2025-12-03,Kearney,65,Savannah,37
2025-12-03,Knox County,52,Schuyler County,70
2025-12-03,Westran,68,Salem,59
2025-12-03,Marshall,77,Slater,57
2025-12-03,Wellsville-Middletown,59,Spokane,29
2025-12-03,Salem,63,St. James,66
2025-12-03,Park Hill South,50,Staley,62
2025-12-03,Webb City,37,Warsaw,53
2025-12-03,Westminster Christian Academy,65,Troy Buchanan,38
2025-12-03,West Nodaway with Nodaway-Holt,51,Union Star,42
2025-12-03,KIPP St. Louis Sr.,69,Veritas Christian Academy,62
2025-12-03,St. Joseph Christian,31,West Nodaway with Nodaway-Holt,68
2025-12-03,Springfield Catholic,75,West Plains,65
2025-12-03,Ft. Zumwalt East,37,Winfield,46
2025-12-03,Missouri Military Academy,44,Wright City,56
2025-12-04,Willard,52,Adrian,40
2025-12-04,Chaffee,68,Advance,59
2025-12-04,Hancock,33,Affton,66
2025-12-04,Eminence,47,Alton,78
2025-12-04,Brashear,61,Atlanta,53
2025-12-04,Gainesville,66,Bakersfield,75
2025-12-04,Bronaugh,32,Ballard,54
2025-12-04,Richland (Essex),42,Bell City,61
2025-12-04,Glendale,67,Belton,70
2025-12-04,Risco,31,Bernie,68
2025-12-04,Wellsville-Middletown,28,Bevier,52
2025-12-04,St. Paul Lutheran (Farmington),68,Bismarck,67
2025-12-04,Campbell,55,Bloomfield,35
2025-12-04,Centralia,65,Boonville,73
2025-12-04,Marquand-Zion,80,Bourbon,37
2025-12-04,Mexico,63,Bowling Green,42
2025-12-04,KIPP St. Louis Sr.,53,Brentwood,43
2025-12-04,New Bloomfield,77,Bunceton,5
2025-12-04,Leeton,59,Butler,48
2025-12-04,Wright City,47,Cabool,39
2025-12-04,La Monte,29,Calvary Lutheran,71
2025-12-04,Slater,49,Camdenton,68
2025-12-04,Plattsburg,44,Cameron,53
2025-12-04,Senath-Hornersville,74,Canton,66
2025-12-04,University City,31,Cardinal Ritter,74
2025-12-04,Lexington,72,Carrollton,57
2025-12-04,Helias Catholic,74,Central (Springfield),39
2025-12-04,Platte County,49,Chillicothe,42
2025-12-04,Knox County,51,Clark County,58
2025-12-04,Holcomb,47,Clarkton,41
2025-12-04,Lindbergh,55,Clayton,50
2025-12-04,Hartville,49,Clever,41
2025-12-04,New Haven,39,Clopton,54
2025-12-04,Weaubleau,35,Cole Camp,46
2025-12-04,Christian Brothers College,72,Confluence Prep Academy Charter,32
2025-12-04,New Heights Christian,25,Crane,46
2025-12-04,Holden,47,Crest Ridge,64
2025-12-04,Central (Park Hills),65,Crystal City,52
2025-12-04,Wheatland,75,Dadeville,68
2025-12-04,Union Star,45,DeKalb,42
2025-12-04,Tuscumbia,40,Diamond,47
2025-12-04,Licking,51,Dixon,69
2025-12-04,Clearwater,41,East Carter,89
2025-12-04,Pierce City,44,East Newton,49
2025-12-04,St. Clair,62,East Prairie,53
2025-12-04,Van-Far,50,Eugene,84
2025-12-04,School of the Ozarks,59,Exeter,47
2025-12-04,Rockwood Summit,46,Farmington,51
2025-12-04,Central (Cape Girardeau),62,Ft. Zumwalt West,55
2025-12-04,Montgomery County,77,Fulton,66
2025-12-04,McKinley Classical Leadership,75,Gateway,71
2025-12-04,New Franklin,84,Glasgow,78
2025-12-04,La Plata,42,Green City,58
2025-12-04,McAuley Catholic,15,Greenwood,53
2025-12-04,Macks Creek,38,Halfway,51
2025-12-04,KIPP KC Legacy,39,Harrisonville,84
2025-12-04,Fatima,45,Hermann,46
2025-12-04,Westminster Christian Academy,78,Hickman,37
2025-12-04,St. Elizabeth,56,Hogan Prep Academy Charter,39
2025-12-04,Westran,74,Iberia,60
2025-12-04,St. Pius X (Festus),14,Jackson,77
2025-12-04,Thomas Jefferson Independent Day,46,Jasper,48
2025-12-04,Sparta,70,Kearney,75
2025-12-04,Linn County,58,Keytesville,20
2025-12-04,Lafayette (Wildwood),51,Kickapoo,82
2025-12-04,Bunker,90,Kingston,30
2025-12-04,Macon,21,Kirksville,51
2025-12-04,Jennings,74,Kirkwood,78
2025-12-04,Lincoln,55,Knob Noster,45
2025-12-04,Lafayette County,61,Lawson,26
2025-12-04,Parkview,51,Lee's Summit West,62
2025-12-04,Woodland,69,Leopold,52
2025-12-04,Blair Oaks,73,Linn,11
2025-12-04,Billings,51,Lockwood,35
2025-12-04,University Academy Charter,23,Logan-Rogersville,60
2025-12-04,Oak Grove,68,Lone Jack,49
2025-12-04,Van-Far,63,Louisiana,59
2025-12-04,Northeast (Cairo),57,Marceline,61
2025-12-04,Walnut Grove,47,Marion C. Early,58
2025-12-04,St. Dominic,50,Marquette,58
2025-12-04,Mt. Vernon,53,Marshfield,81
2025-12-04,Savannah,53,Maryville,59
2025-12-04,Mound City,66,Maryville,56
2025-12-04,Hazelwood East,76,McCluer,30
2025-12-04,Oak Ridge,58,Meadow Heights,62
2025-12-04,Perryville,68,Meadow Heights,53
2025-12-04,Oakville,72,Mehlville,66
2025-12-04,Carthage,59,Monett,40
2025-12-04,Hume,45,Montrose,39
2025-12-04,Smithville,59,Mountain Grove,52
2025-12-04,Tri-County,57,Norborne,41
2025-12-04,Princeton,46,North Andrew,40
2025-12-04,Zalma,69,North Pemiscot,63
2025-12-04,Webster Groves,84,Notre Dame (Cape Girardeau),53
2025-12-04,Thayer,22,Orrick,80
2025-12-04,Mark Twain,17,Palmyra,66
2025-12-04,Summit Christian Academy,71,Paseo Academy,20
2025-12-04,Vienna,64,Pattonsburg,61
2025-12-04,Grandview,67,Raytown,62
2025-12-04,Jefferson (Festus),77,Saxony Lutheran,43
2025-12-04,North Shelby,50,Schuyler County,61
2025-12-04,Lutheran (Kansas City),52,Sherwood,31
2025-12-04,Ste. Genevieve,48,Sikeston,78
2025-12-04,Willard,60,Savannah,53
2025-12-04,Tarkio with Fairfax,57,St. James,20
2025-12-04,Central (New Madrid County),63,Summersville,71
2025-12-04,Osage,60,Southern Boone,64
2025-12-04,Senath-Hornersville,69,Sweet Springs,41
2025-12-04,Winona,50,Union,43
2025-12-04,New Covenant Academy,54,Spokane,68
2025-12-04,Sacred Heart,34,St. Paul Lutheran (Concordia),44
2025-12-04,Polo,33,Trenton,59
2025-12-04,Versailles,56,St. Charles,50
2025-12-04,West County,55,Valley,32
2025-12-04,STEAM Academy,45,Veritas Christian Academy,47
2025-12-04,California,60,Versailles,63
2025-12-04,Windsor,51,Warsaw,41
2025-12-04,Pilot Grove,61,Wellington-Napoleon,47
2025-12-04,West Plains,52,Whitfield,78
2025-12-04,Gateway Science Charter,25,Windsor (Imperial),85
2025-12-04,Ellington,33,Winona,76
2025-12-05,Richland (Essex),50,Advance,53
2025-12-05,Windsor (Imperial),56,Affton,49
2025-12-05,Wellsville-Middletown,45,Ash Grove,41
2025-12-05,Brashear,61,Atlanta,53
2025-12-05,Miller,64,Aurora,55
2025-12-05,Willow Springs,52,Ava,47
2025-12-05,Chaffee,41,Bell City,52
2025-12-05,Vienna,42,Belle,74
2025-12-05,Bolivar,49,Belton,57
2025-12-05,Campbell,31,Bernie,59
2025-12-05,Risco,68,Bloomfield,35
2025-12-05,Maysville,43,Braymer,46
2025-12-05,Cassville,56,Buffalo,49
2025-12-05,Conway,48,Cabool,53
2025-12-05,Forsyth,53,Carl Junction,51
2025-12-05,Miami (Amoret),66,Chilhowee,44
2025-12-05,Mehlville,60,Clayton,93
2025-12-05,Smithton,46,Climax Springs,66
2025-12-05,Mark Twain,41,Community,53
2025-12-05,North Pemiscot,23,Cooter,91
2025-12-05,Newburg,50,Crocker,41
2025-12-05,Center,76,Crossroads Prep Charter,30
2025-12-05,Arcadia Valley,77,Delta,84
2025-12-05,Fox,72,DeSoto,46
2025-12-05,Stanberry,70,East Carter,52
2025-12-05,Leopold,59,East Prairie,48
2025-12-05,Ft. Zumwalt East,65,Elsberry,27
2025-12-05,Koshkonong,35,Eminence,62
2025-12-05,Sarcoxie,81,Eugene,43
2025-12-05,Humansville,70,Everton,28
2025-12-05,School of the Ozarks,52,Exeter,21
2025-12-05,Niangua,55,Fair Play,24
2025-12-05,Jackson,71,Farmington,61
2025-12-05,Charleston,79,Festus,59
2025-12-05,Troy Buchanan,35,Francis Howell Central,68
2025-12-05,Rock Bridge,80,Ft. Zumwalt North,52
2025-12-05,Central (Cape Girardeau),62,Ft. Zumwalt West,55
2025-12-05,Chadwick,52,Galena,74
2025-12-05,Wheaton,70,Golden City,75
2025-12-05,Herculaneum,75,Grandview (Hillsboro),52
2025-12-05,Hermitage,70,Green Ridge,45
2025-12-05,Rich Hill,72,Greenfield,54
2025-12-05,Perryville,52,Greenville,49
2025-12-05,Highland,23,Hallsville,61
2025-12-05,Gateway Science Charter,36,Hancock,39
2025-12-05,Winfield,45,Hannibal,35
2025-12-05,Summit Christian Academy,65,Harrisonville,48
2025-12-05,Vianney,78,Hazelwood Central,34
2025-12-05,Lift for Life Academy Charter,73,Hazelwood Central,54
2025-12-05,St. Charles,68,Hazelwood West,55
2025-12-05,Westminster Christian Academy,78,Hickman,39
2025-12-05,St. Dominic,68,Hickman,53
2025-12-05,Meadville,60,Higbee,44
2025-12-05,Helias Catholic,69,Hillcrest,50
2025-12-05,North County,59,Hillsboro,71
2025-12-05,Dora,70,Hurley,32
2025-12-05,North Shelby,76,Jamestown,62
2025-12-05,Lee's Summit West,34,Kickapoo,46
2025-12-05,Stover,26,King City,53
2025-12-05,Wellington-Napoleon,45,Kingsville,67
2025-12-05,Orchard Farm,65,Ladue Horton Watkins,50
2025-12-05,Parkview,52,Lafayette (Wildwood),64
2025-12-05,Branson,58,Lebanon,51
2025-12-05,Central (St. Joseph),45,Liberty North,83
2025-12-05,Lakeland,32,Lincoln,44
2025-12-05,Oakville,38,Lindbergh,54
2025-12-05,KIPP KC Legacy,25,Logan-Rogersville,55
2025-12-05,Novinger,50,Madison,37
2025-12-05,Dexter,71,Malden,65
2025-12-05,Lutheran South,64,Maplewood-Richmond Hts.,72
2025-12-05,Gloria Deo Academy,60,Marionville,64
2025-12-05,Holt,56,Marquette,67
2025-12-05,Penney,63,Mercer,29
2025-12-05,Roosevelt,33,Metro,48
2025-12-05,Oak Grove,70,Moberly,59
2025-12-05,Bronaugh,47,Montrose,24
2025-12-05,Tarkio with Fairfax,58,Mound City,53
2025-12-05,Puxico,75,Naylor,39
2025-12-05,Portageville,43,Neelyville,53
2025-12-05,Neosho,34,Nevada,45
2025-12-05,Scott County Central,51,Norborne,50
2025-12-05,South Pemiscot,55,North Callaway,74
2025-12-05,St. Charles,30,North Kansas City,71
2025-12-05,Milan,29,North Platte,99
2025-12-05,Liberty (Wentzville),69,North Point,62
2025-12-05,South Callaway,56,Northeast Vernon County,60
2025-12-05,Staley,67,Oak Park,69
2025-12-05,Ewing Marion Kauffman,61,Odessa,28
2025-12-05,Pleasant Hope,50,Osceola,30
2025-12-05,Linn,29,Owensville,40
2025-12-05,Parkway Central,55,Parkway North,42
2025-12-05,Parkway South,41,Parkway West,53
2025-12-05,Summit Christian Academy,46,Paseo Academy,37
2025-12-05,St. James,61,Potosi,63
2025-12-05,Otterville,60,Prairie Home,33
2025-12-05,Barstow,41,Raytown South,60
2025-12-05,Laquey,52,Richland,33
2025-12-05,Winnetonka,71,Richmond,42
2025-12-05,Lee's Summit,49,Rockhurst,55
2025-12-05,St. Pius X (Festus),40,Rockwood Summit,82
2025-12-05,Pembroke Hill,74,Rolla,90
2025-12-05,Warrenton,40,Salem,55
2025-12-05,South Shelby,37,Schuyler County,62
2025-12-05,Verona,26,Sarcoxie,83
2025-12-05,Delta (Deering),35,Senath-Hornersville,68
2025-12-05,Appleton City,59,Sherwood,38
2025-12-05,Fayette,66,Salem,70
2025-12-05,West Plains,48,Savannah,55
2025-12-05,Academie Lafayette,27,Southeast,60
2025-12-05,Bevier,71,Thayer,54
2025-12-05,St. Vincent,55,St. Clair,60
2025-12-05,Eureka,59,St. Francis Borgia,50
2025-12-05,Cuba,57,Webb City,65
2025-12-05,Soldan International Studies,38,West Plains,49
2025-12-05,Northwest (Hughesville),67,Sweet Springs,50
2025-12-05,Mansfield,73,Thayer,59
2025-12-05,Francis Howell,62,Timberland,44
2025-12-05,Hardin-Central,47,Tri-County,39
2025-12-05,Missouri Military Academy,57,Tuscumbia,78
2025-12-05,Woodland,77,St. Clair,42
2025-12-05,KIPP St. Louis Sr.,56,Valley Park,64
2025-12-05,Norwood,66,Van Buren,76
2025-12-05,Lutheran St. Charles,38,Vianney,85
2025-12-05,Capital City,83,Warrensburg,59
2025-12-05,Faith Christian Academy,50,West Nodaway with Nodaway-Holt,45
2025-12-05,Harrisburg,42,Westran,49
2025-12-05,Springfield Catholic,55,Willard,77
2025-12-05,Lesterville,29,Winona,63
2025-12-06,Vienna,56,Albany,57
2025-12-06,Osceola,31,Ash Grove,52
2025-12-06,La Plata,44,Atlanta,60
2025-12-06,Buffalo,43,Ava,59
2025-12-06,Hume,25,Ballard,62
2025-12-06,Miller Career Academy,85,Bayless,77
2025-12-06,Willard,70,Belton,58
2025-12-06,Jasper,37,Billings,60
2025-12-06,Bourbon,39,Bismarck,69
2025-12-06,Springfield Catholic,54,Bolivar,75
2025-12-06,Warrenton,53,Boonville,61
2025-12-06,Fulton,62,Bowling Green,65
2025-12-06,Green City,61,Brashear,39
2025-12-06,Gallatin,52,Braymer,38
2025-12-06,Clark County,45,Brookfield,44
2025-12-06,Meadville,46,Brunswick,66
2025-12-06,West County,43,Bunker,64
2025-12-06,North Shelby,50,Canton,64
2025-12-06,Lebanon,44,Carl Junction,60
2025-12-06,Willow Springs,69,Cassville,46
2025-12-06,Herculaneum,64,Central (Park Hills),40
2025-12-06,Eldon,61,Centralia,62
2025-12-06,South Callaway,60,Chilhowee,50
2025-12-06,Mt. Vernon,41,Clever,47
2025-12-06,Leeton,50,Cole Camp,52
2025-12-06,Macks Creek,52,Dadeville,49
2025-12-06,Westran,52,Dixon,88
2025-12-06,Crane,43,East Newton,36
2025-12-06,McAuley Catholic,46,El Dorado Springs,47
2025-12-06,Fair Play,76,Everton,60
2025-12-06,Verona,58,Exeter,39
2025-12-06,Miller,51,Fair Grove,54
2025-12-06,New Haven,39,Fatima,62
2025-12-06,Branson,65,Forsyth,62
2025-12-06,Holt,55,Francis Howell Central,79
2025-12-06,Ste. Genevieve,73,Ft. Zumwalt West,70
2025-12-06,Harrisburg,53,Glasgow,67
2025-12-06,Savannah,41,Glendale,62
2025-12-06,Rich Hill,65,Golden City,77
2025-12-06,Crystal City,33,Grandview (Hillsboro),53
2025-12-06,Wheaton,69,Greenfield,41
2025-12-06,Novinger,48,Grundy County with Newtown-Harris,22
2025-12-06,Wheatland,51,Halfway,53
2025-12-06,Metro,22,Harrisonville,66
2025-12-06,Vianney,78,Hazelwood Central,34
2025-12-06,Clopton,22,Hermann,37
2025-12-06,St. Dominic,68,Hickman,53
2025-12-06,Lee's Summit West,52,Hillcrest,61
2025-12-06,Niangua,30,Humansville,60
2025-12-06,Licking,34,Iberia,45
2025-12-06,Marquette,64,Jefferson City,33
2025-12-06,Helias Catholic,57,Kickapoo,63
2025-12-06,Princeton,52,King City,36
2025-12-06,Valley,64,Kingston,54
2025-12-06,Warsaw,34,Knob Noster,65
2025-12-06,Greenwood,42,Lamar,39
2025-12-06,North Kansas City,55,Lee's Summit North,61
2025-12-06,Windsor,51,Lincoln,59
2025-12-06,Northwestern (Mendon),45,Linn County,40
2025-12-06,Thomas Jefferson Independent Day,50,Lockwood,55
2025-12-06,Summit Christian Academy,28,Logan-Rogersville,58
2025-12-06,Confluence Prep Academy Charter,49,Lutheran North,62
2025-12-06,Spokane,52,Marion C. Early,48
2025-12-06,St. Paul Lutheran (Farmington),41,Marquand-Zion,70
2025-12-06,South Shelby,56,Marshall,80
2025-12-06,Hartville,75,Marshfield,58
2025-12-06,St. James,32,Maryville,61
2025-12-06,Montgomery County,44,Mexico,75
2025-12-06,Northeast Vernon County,51,Miami (Amoret),54
2025-12-06,Bishop LeBlond,41,Mid-Buchanan,75
2025-12-06,KIPP KC Legacy,48,Moberly,69
2025-12-06,Union,50,Mountain Grove,69
2025-12-06,Laquey,60,Newburg,51
2025-12-06,Stover,37,North Andrew,65
2025-12-06,Van-Far,30,Osage,64
2025-12-06,Central (Springfield),60,Parkview,45
2025-12-06,University Academy Charter,72,Paseo Academy,35
2025-12-06,New Heights Christian,49,Pierce City,43
2025-12-06,Wellsville-Middletown,44,Pleasant Hope,41
2025-12-06,Knox County,65,Putnam County,56
2025-12-06,School of the Ozarks,57,Sarcoxie,53
2025-12-06,Senath-Hornersville,56,Schuyler County,79
2025-12-06,Winona,51,Smithville,65
2025-12-06,Central (Cape Girardeau),63,Sikeston,76
2025-12-06,Marceline,57,Salem,55
2025-12-06,Eugene,46,Southern Boone,29
2025-12-06,Jefferson (Festus),51,St. Clair,40
2025-12-06,Saxony Lutheran,35,St. Vincent,57
2025-12-06,Missouri Military Academy,58,Willard,73
2025-12-06,North Harrison,63,Trenton,64
2025-12-06,William Chrisman,51,St. Charles,58
2025-12-06,New Covenant Academy,54,Walnut Grove,75
2025-12-06,New Franklin,43,Westran,48
2025-12-08,Warrensburg,71,Adrian,36
2025-12-08,West Plains,49,Affton,62
2025-12-08,Webb City,50,Belle,68
2025-12-08,Oak Ridge,64,Bismarck,39
2025-12-08,McKinley Classical Leadership,79,Brentwood,42
2025-12-08,Chadwick,56,Cabool,38
2025-12-08,Otterville,59,Calvary Lutheran,67
2025-12-08,Northeast (Kansas City),38,Central (Kansas City),68
2025-12-08,Kennett,35,Central (New Madrid County),66
2025-12-08,Center,56,Central (St. Joseph),43
2025-12-08,Naylor,73,Clearwater,59
2025-12-08,Licking,58,Cuba,50
2025-12-08,Appleton City,50,El Dorado Springs,42
2025-12-08,Richmond,61,Excelsior Springs,52
2025-12-08,Slater,55,Fatima,50
2025-12-08,Lebanon,41,Festus,48
2025-12-08,Vianney,92,Francis Howell North,35
2025-12-08,Kingston,59,Fredericktown,55
2025-12-08,Hazelwood West,41,Ft. Zumwalt North,79
2025-12-08,Bradleyville,50,Gainesville,92
2025-12-08,Ballard,39,Green Ridge,47
2025-12-08,McDonald County,51,Hillcrest,82
2025-12-08,Poplar Bluff,53,Jackson,59
2025-12-08,Northeast Nodaway,15,King City,66
2025-12-08,Clark County,61,Knox County,50
2025-12-08,Tuscumbia,76,La Monte,38
2025-12-08,Believe Acad Charter,14,Lift for Life Academy Charter,45
2025-12-08,Mansfield,92,Lutie,19
2025-12-08,Roosevelt,32,Maplewood-Richmond Hts.,75
2025-12-08,Albany,61,Mercer,50
2025-12-08,Lutheran (Kansas City),45,Miami (Amoret),44
2025-12-08,Windsor,60,Midway,26
2025-12-08,Mound City,63,North Andrew,64
2025-12-08,Father Tolton,67,North County,53
2025-12-08,Delta (Deering),80,North Pemiscot,17
2025-12-08,Odessa,57,Oak Grove,76
2025-12-08,Highland,18,Palmyra,56
2025-12-08,Kirkwood,47,Parkway North,54
2025-12-08,Jefferson (Festus),50,Potosi,73
2025-12-08,Benton,71,Raytown,54
2025-12-08,Cole Camp,46,Sherwood,44
2025-12-08,Notre Dame (Cape Girardeau),42,Sikeston,80
2025-12-08,Verona,43,Spokane,73
2025-12-08,Rock Bridge,58,St. Charles,39
2025-12-08,University City,54,St. Charles West,50
2025-12-08,Soldan International Studies,37,STEAM Academy,39
2025-12-08,Hurley,34,Walnut Grove,85
2025-12-08,Owensville,43,Washington,55
2025-12-08,South Callaway,29,Wheaton,67
2025-12-08,St. Pius X (Kansas City),59,Winnetonka,71
2025-12-08,North Nodaway,20,Worth County,55
2025-12-08,Marquand-Zion,82,Zalma,55
2025-12-09,Maysville,47,Albany,52
2025-12-09,Spokane,55,Ash Grove,72
2025-12-09,St. Francis Borgia,69,Bayless,53
2025-12-09,Advance,55,Bell City,63
2025-12-09,Newburg,59,Belle,58
2025-12-09,Liberty North,50,Benton,54
2025-12-09,La Plata,55,Bevier,34
2025-12-09,Marionville,41,Billings,52
2025-12-09,School of the Ozarks,40,Blue Eye,62
2025-12-09,Versailles,42,Bolivar,80
2025-12-09,Schuyler County,55,Boonville,52
2025-12-09,Wright City,39,Bowling Green,60
2025-12-09,Linn County,55,Brashear,51
2025-12-09,Keytesville,18,Brunswick,54
2025-12-09,Pilot Grove,88,Bunceton,13
2025-12-09,Central (New Madrid County),54,Central (Cape Girardeau),58
2025-12-09,Van-Far,55,Centralia,47
2025-12-09,East Prairie,56,Chaffee,53
2025-12-09,Kirksville,68,Clark County,36
2025-12-09,Delta (Deering),77,Clarkton,67
2025-12-09,Duchesne,52,Clayton,82
2025-12-09,Bunker,99,Clearwater,42
2025-12-09,Cassville,44,Clever,58
2025-12-09,Canton,81,Clopton,66
2025-12-09,Madison,18,Community,51
2025-12-09,Lone Jack,57,Concordia,42
2025-12-09,Laquey,62,Conway,23
2025-12-09,Sweet Springs,30,Crest Ridge,71
2025-12-09,Metro,33,Crystal City,29
2025-12-09,Macks Creek,55,Dadeville,67
2025-12-09,West County,58,DeSoto,68
2025-12-09,Charleston,50,Dexter,60
2025-12-09,Vienna,44,Dixon,76
2025-12-09,Bradleyville,74,Dora,55
2025-12-09,Lawson,32,East Buchanan,56
2025-12-09,Tuscumbia,30,East Newton,54
2025-12-09,Buffalo,47,Eldon,60
2025-12-09,Gloria Deo Academy,59,Eminence,50
2025-12-09,Blair Oaks,57,Eugene,40
2025-12-09,Francis Howell,34,Eureka,62
2025-12-09,Bronaugh,28,Exeter,84
2025-12-09,South Callaway,42,Fair Play,43
2025-12-09,St. Michael the Archangel,60,Father Tolton,52
2025-12-09,New Franklin,67,Fayette,43
2025-12-09,Hermitage,60,Fordland,77
2025-12-09,Rockwood Summit,66,Fox,48
2025-12-09,Ritenour,39,Ft. Zumwalt South,41
2025-12-09,Bloomfield,67,Gideon,34
2025-12-09,Mercer,45,Green City,71
2025-12-09,Doniphan,68,Greenville,63
2025-12-09,New Covenant Academy,35,Greenwood,96
2025-12-09,Fulton,60,Hannibal,58
2025-12-09,Adrian,17,Harrisonville,89
2025-12-09,Mountain Grove,42,Hartville,52
2025-12-09,Hancock,70,Herculaneum,74
2025-12-09,Camdenton,58,Hickman,64
2025-12-09,Windsor (Imperial),66,Hillsboro,60
2025-12-09,Lafayette County,75,Hogan Prep Academy Charter,20
2025-12-09,Senath-Hornersville,74,Holcomb,30
2025-12-09,Carrollton,62,Holden,48
2025-12-09,Ava,64,Hollister,54
2025-12-09,Pleasant Hope,54,Humansville,39
2025-12-09,Rich Hill,69,Hume,26
2025-12-09,Prairie Home,56,Jamestown,45
2025-12-09,Webster Groves,96,Jennings,79
2025-12-09,Caruthersville,54,Kelly,48
2025-12-09,North Platte,87,Lathrop,52
2025-12-09,Ruskin,31,Lee's Summit,70
2025-12-09,Kearney,42,Liberty,54
2025-12-09,Orchard Farm,55,Liberty (Wentzville),40
2025-12-09,Versailles,72,Lincoln College Prep,49
2025-12-09,Hermann,31,Linn,46
2025-12-09,Marion County,50,Louisiana,68
2025-12-09,Hallsville,66,Macon,44
2025-12-09,Greenfield,64,Marion C. Early,75
2025-12-09,Pierce City,41,McAuley Catholic,29
2025-12-09,Atlanta,50,Meadville,67
2025-12-09,Marshall,39,Mexico,59
2025-12-09,Lafayette (Wildwood),53,MICDS,63
2025-12-09,Plattsburg,30,Mid-Buchanan,73
2025-12-09,Marceline,72,Milan,12
2025-12-09,North Callaway,36,Moberly,49
2025-12-09,Marshfield,82,Monett,61
2025-12-09,Mark Twain,20,Monroe City,70
2025-12-09,Leeton,76,Montrose,34
2025-12-09,Crane,64,Mt. Vernon,62
2025-12-09,Campbell,58,Neelyville,53
2025-12-09,Aurora,46,Neosho,78
2025-12-09,Worth County,43,New Bloomfield,38
2025-12-09,South Pemiscot,65,New Haven,61
2025-12-09,Northeast (Cairo),49,North Shelby,40
2025-12-09,Worth County,68,Northeast Nodaway,37
2025-12-09,Butler,70,Northeast Vernon County,55
2025-12-09,DeKalb,33,Northland Christian,49
2025-12-09,Seckman,81,Northwest (Cedar Hill),49
2025-12-09,Faith Christian Academy,65,Northwest (Hughesville),34
2025-12-09,Kennett,27,Notre Dame (Cape Girardeau),58
2025-12-09,Senath-Hornersville,60,Novinger,39
2025-12-09,Blue Springs South,67,Oak Park,83
2025-12-09,Delta,59,Oak Ridge,32
2025-12-09,Ft. Zumwalt North,71,Oakville,66
2025-12-09,Risco,68,Oran,62
2025-12-09,Wellington-Napoleon,35,Orrick,32
2025-12-09,Raytown,54,Park Hill,66
2025-12-09,Timberland,56,Parkway Central,67
2025-12-09,Ft. Zumwalt East,38,Parkway West,51
2025-12-09,St. Charles,32,Pattonville,63
2025-12-09,West Platte,65,Penney,60
2025-12-09,Climax Springs,63,Plato,27
2025-12-09,Knob Noster,62,Pleasant Hill,72
2025-12-09,Gallatin,71,Polo,31
2025-12-09,Diamond,58,Reeds Spring,50
2025-12-09,Bourbon,28,Richland,62
2025-12-09,Puxico,104,Richland (Essex),60
2025-12-09,South Shelby,79,Sarcoxie,65
2025-12-09,St. Paul Lutheran (Concordia),60,Scott County Central,37
2025-12-09,Verona,19,Sarcoxie,72
2025-12-09,Stover,35,Savannah,64
2025-12-09,St. Pius X (Festus),52,Seneca,99
2025-12-09,Zalma,21,Scott County Central,60
2025-12-09,Houston,40,Smithville,71
2025-12-09,Sacred Heart,69,Smithton,38
2025-12-09,DeLaSalle Charter (KC),15,Sparta,73
2025-12-09,Trenton,61,St. Elizabeth,67
2025-12-09,Ellington,27,Stanberry,78
2025-12-09,Montgomery County,50,Southern Boone,62
2025-12-09,Cooter,79,Sweet Springs,51
2025-12-09,Hardin-Central,82,Thayer,50
2025-12-09,Purdy,39,Union,76
2025-12-09,Ladue Horton Watkins,47,St. Dominic,75
2025-12-09,Crocker,32,Van-Far,60
2025-12-09,Rolla,59,St. James,47
2025-12-09,Bishop LeBlond,49,St. Joseph Christian,35
2025-12-09,Saxony Lutheran,56,Ste. Genevieve,64
2025-12-09,Warsaw,62,Webb City,41
2025-12-09,Ewing Marion Kauffman,38,Summit Christian Academy,62
2025-12-09,KIPP St. Louis Sr.,65,West Plains,57
2025-12-09,Everton,42,Thomas Jefferson Independent Day,86
2025-12-09,Pattonsburg,79,Tri-County,34
2025-12-09,North Point,43,Troy Buchanan,83
2025-12-09,Malden,74,St. Clair,64
2025-12-09,Perryville,40,Valle Catholic,47
2025-12-09,Washington,62,Warrenton,48
2025-12-09,Salem,43,Waynesville,55
2025-12-09,El Dorado Springs,54,Weaubleau,38
2025-12-09,Chamois,38,Wellsville-Middletown,14
2025-12-09,Clinton,46,Wheatland,43
2025-12-09,Grain Valley,65,William Chrisman,38
2025-12-09,Wright City,20,Willow Springs,61
2025-12-10,Winnetonka,49,Center,52
2025-12-10,Lincoln College Prep,64,Central (Kansas City),35
2025-12-10,Charleston,90,Central (New Madrid County),62
2025-12-10,St. Pius X (Kansas City),50,Central (St. Joseph),63
2025-12-10,Windsor,62,Drexel,58
2025-12-10,Gloria Deo Academy,59,Eminence,50
2025-12-10,Owensville,39,Fatima,36
2025-12-10,Belton,74,Fort Osage,50
2025-12-10,St. Francis Borgia,56,Ft. Zumwalt South,67
2025-12-10,Pembroke Hill,49,Grandview,55
2025-12-10,South Shelby,48,Highland,40
2025-12-10,Northwest (Cedar Hill),55,Hillsboro,72
2025-12-10,Ft. Zumwalt West,61,Holt,62
2025-12-10,Lutheran (Kansas City),49,Kingsville,69
2025-12-10,Penney,73,Lathrop,23
2025-12-10,Plattsburg,34,Lawson,42
2025-12-10,Helias Catholic,58,Lift for Life Academy Charter,63
2025-12-10,Priory,57,Lutheran St. Charles,62
2025-12-10,Westminster Christian Academy,53,Marquette,70
2025-12-10,Bishop DuBourg,30,McKinley Classical Leadership,80
2025-12-10,STEAM Academy,59,Metro,51
2025-12-10,Lebanon,66,North County,51
2025-12-10,Francis Howell Central,72,North Point,22
2025-12-10,Academie Lafayette,66,Northeast (Kansas City),55
2025-12-10,Richmond,53,Oak Grove,65
2025-12-10,Excelsior Springs,69,Odessa,75
2025-12-10,Raytown,54,Park Hill,66
2025-12-10,Notre Dame (Cape Girardeau),61,Poplar Bluff,56
2025-12-10,Whitfield,69,SLUH,57
2025-12-10,Farmington,59,Webster Groves,86
2025-12-10,Vianney,77,University City,56
2025-12-11,Lincoln,59,Adrian,40
2025-12-11,Lutheran South,78,Affton,51
2025-12-11,Butler,43,Archie,67
2025-12-11,Ritenour,43,Bayless,56
2025-12-11,North Callaway,61,Boonville,54
2025-12-11,South Callaway,32,Bronaugh,35
2025-12-11,New Bloomfield,77,Bunceton,8
2025-12-11,Crocker,43,California,60
2025-12-11,Macon,32,Centralia,54
2025-12-11,Laquey,56,Chadwick,75
2025-12-11,Green Ridge,56,Chilhowee,22
2025-12-11,John Burroughs,49,Christian Brothers College,60
2025-12-11,Valley,71,Clearwater,68
2025-12-11,Osage,81,Clinton,55
2025-12-11,Versailles,69,Cole Camp,30
2025-12-11,Northwest (Hughesville),60,Columbia Independent,58
2025-12-11,Scott County Central,39,Concordia,46
2025-12-11,Gateway,62,Confluence Prep Academy Charter,54
2025-12-11,Wellington-Napoleon,38,Crest Ridge,48
2025-12-11,Bishop DuBourg,39,Crystal City,59
2025-12-11,King City,65,DeKalb,20
2025-12-11,Central (Cape Girardeau),42,Dexter,44
2025-12-11,Holcomb,43,Doniphan,58
2025-12-11,Mid-Buchanan,70,East Buchanan,61
2025-12-11,Halfway,77,Exeter,56
2025-12-11,Dadeville,79,Fair Play,20
2025-12-11,Rock Port,47,Faith Christian Academy,84
2025-12-11,St. Charles West,57,Francis Howell North,52
2025-12-11,Academie Lafayette,74,Frontier School of Excellence Charter,36
2025-12-11,Grundy County with Newtown-Harris,38,Green City,57
2025-12-11,Wellsville-Middletown,67,Greenfield,49
2025-12-11,Mountain Grove,62,Greenwood,65
2025-12-11,Van-Far,20,Hallsville,53
2025-12-11,Bowling Green,33,Hannibal,58
2025-12-11,Carrollton,61,Hardin-Central,39
2025-12-11,Cuba,66,Herculaneum,60
2025-12-11,DeLaSalle Charter (KC),21,Hogan Prep Academy Charter,49
2025-12-11,Billings,87,Hurley,28
2025-12-11,Macks Creek,72,Iberia,56
2025-12-11,Sikeston,55,Jackson,47
2025-12-11,Smithton,59,Jamestown,69
2025-12-11,Webster Groves,75,Jennings,57
2025-12-11,Staley,51,Kickapoo,35
2025-12-11,St. Paul Lutheran (Farmington),53,Kingston,71
2025-12-11,Harrisonville,68,Knob Noster,48
2025-12-11,Sparta,56,Lafayette County,48
2025-12-11,Lutheran North,50,Lee's Summit North,80
2025-12-11,Otterville,46,Leeton,51
2025-12-11,Capital City,48,Liberty,67
2025-12-11,Westran,58,Licking,61
2025-12-11,St. Paul Lutheran (Concordia),62,Lone Jack,39
2025-12-11,Monroe City,62,Louisiana,31
2025-12-11,Gloria Deo Academy,34,Mansfield,67
2025-12-11,McKinley Classical Leadership,70,Maplewood-Richmond Hts.,96
2025-12-11,Mark Twain,55,Marion County,66
2025-12-11,Verona,15,Marionville,67
2025-12-11,St. Elizabeth,51,Maryville,76
2025-12-11,Lockwood,49,McAuley Catholic,54
2025-12-11,Schuyler County,42,Moberly,50
2025-12-11,Pierce City,46,Monett,47
2025-12-11,Cooter,62,Naylor,72
2025-12-11,Webb City,43,Nevada,39
2025-12-11,Sarcoxie,44,Nixa,76
2025-12-11,West Platte,64,North Platte,56
2025-12-11,Vienna,59,Northeast Nodaway,52
2025-12-11,Marceline,46,Novinger,47
2025-12-11,Sweet Springs,39,Orrick,49
2025-12-11,Park Hill South,67,Ozark,52
2025-12-11,Benton,58,Park Hill,46
2025-12-11,Southeast,63,Paseo Academy,27
2025-12-11,Parkway North,43,Pattonville,45
2025-12-11,Worth County,34,Pilot Grove,42
2025-12-11,Caruthersville,57,Portageville,46
2025-12-11,Sacred Heart,58,Prairie Home,30
2025-12-11,Thomas Jefferson Independent Day,56,Purdy,42
2025-12-11,Neelyville,61,Puxico,84
2025-12-11,North Pemiscot,18,Richland (Essex),73
2025-12-11,Delta (Deering),56,Risco,72
2025-12-11,St. Pius X (Festus),40,Rockwood Summit,82
2025-12-11,Central (Springfield),35,Rolla,67
2025-12-11,Barstow,39,Ruskin,51
2025-12-11,Putnam County,45,Senath-Hornersville,55
2025-12-11,Tipton,71,Salem,59
2025-12-11,Eldon,72,Slater,53
2025-12-11,Lift for Life Academy Charter,81,Webster Groves,82
2025-12-11,Warrenton,39,Union,41
2025-12-11,Crossroads Prep Charter,39,University Academy Charter,63
2025-12-11,Willard,39,Warsaw,41
2025-12-11,Missouri Military Academy,68,Wellsville-Middletown,31
2025-12-11,Glasgow,62,Westran,50
2025-12-12,Puxico,77,Advance,44
2025-12-12,Butler,57,Appleton City,68
2025-12-12,Jefferson (Festus),53,Arcadia Valley,51
2025-12-12,Pleasant Hill,68,Archie,47
2025-12-12,Greenfield,39,Ash Grove,71
2025-12-12,Buffalo,60,Aurora,71
2025-12-12,St. Charles West,56,Bayless,38
2025-12-12,Richland (Essex),48,Bell City,71
2025-12-12,Savannah,53,Blair Oaks,60
2025-12-12,Parkway South,50,Blue Springs,69
2025-12-12,Lee's Summit West,58,Blue Springs South,71
2025-12-12,Grandview (Hillsboro),39,Brentwood,48
2025-12-12,Thomas Jefferson Independent Day,75,Bronaugh,35
2025-12-12,St. Elizabeth,63,Brookfield,42
2025-12-12,Hardin-Central,34,Brunswick,71
2025-12-12,Conway,44,Cabool,59
2025-12-12,Summersville,61,Caruthersville,57
2025-12-12,St. Pius X (Kansas City),49,Center,59
2025-12-12,Winnetonka,70,Central (St. Joseph),47
2025-12-12,Bloomfield,33,Chaffee,62
2025-12-12,Bourbon,34,Chamois,68
2025-12-12,Notre Dame (Cape Girardeau),68,Charleston,59
2025-12-12,Rock Bridge,58,Christian Fellowship Sr.,59
2025-12-12,Orchard Farm,87,Clayton,85
2025-12-12,Orrick,26,Concordia,34
2025-12-12,Koshkonong,51,Couch,79
2025-12-12,Everton,25,Dadeville,80
2025-12-12,Scott County Central,41,Delta,92
2025-12-12,Sikeston,73,Dexter,64
2025-12-12,Mt. Vernon,41,Diamond,31
2025-12-12,East Carter,65,Doniphan,51
2025-12-12,Plato,45,Dora,65
2025-12-12,Lutheran (Kansas City),42,Drexel,63
2025-12-12,Elsberry,53,Duchesne,70
2025-12-12,Clever,53,East Newton,41
2025-12-12,Marion C. Early,46,El Dorado Springs,64
2025-12-12,Webb City,51,Eldon,58
2025-12-12,Mexico,47,Eugene,61
2025-12-12,DeLaSalle Charter (KC),20,Excelsior Springs,60
2025-12-12,Marshfield,80,Fair Grove,74
2025-12-12,Father Tolton,48,Festus,52
2025-12-12,Ritenour,49,Francis Howell North,51
2025-12-12,Perryville,75,Fredericktown,74
2025-12-12,Troy Buchanan,43,Ft. Zumwalt East,26
2025-12-12,Holt,75,Ft. Zumwalt North,55
2025-12-12,Vianney,52,Ft. Zumwalt South,46
2025-12-12,Ava,48,Gainesville,41
2025-12-12,Putnam County,33,Gallatin,52
2025-12-12,Gateway,72,Gateway Science Charter,31
2025-12-12,Stanberry,62,Gideon,34
2025-12-12,Northeast (Cairo),44,Glasgow,53
2025-12-12,Fair Play,39,Golden City,91
2025-12-12,Fort Osage,23,Grain Valley,58
2025-12-12,Hayti,53,Greenville,37
2025-12-12,Southern Boone,58,Harrisburg,32
2025-12-12,Fordland,24,Hartville,62
2025-12-12,Parkway West,41,Hazelwood East,61
2025-12-12,California,57,Hermann,55
2025-12-12,Willard,42,Hillcrest,56
2025-12-12,Odessa,61,Hogan Prep Academy Charter,37
2025-12-12,Knob Noster,73,Holden,58
2025-12-12,Winona,32,Houston,62
2025-12-12,Northeast Vernon County,60,Hume,37
2025-12-12,Central (Cape Girardeau),26,Jackson,58
2025-12-12,Lockwood,49,Jasper,39
2025-12-12,John Burroughs,72,Jennings,64
2025-12-12,Nevada,34,Joplin,58
2025-12-12,Bevier,62,Keytesville,30
2025-12-12,North Kansas City,45,Kickapoo,64
2025-12-12,Windsor,61,Kingsville,68
2025-12-12,Canton,29,Kirksville,64
2025-12-12,Clopton,44,Knox County,39
2025-12-12,MICDS,64,Ladue Horton Watkins,50
2025-12-12,Francis Howell,57,Lafayette (Wildwood),75
2025-12-12,Ballard,43,Lakeland,29
2025-12-12,Plattsburg,66,Lathrop,43
2025-12-12,Penney,50,Lawson,27
2025-12-12,Rockhurst,61,Lee's Summit,44
2025-12-12,Webster Groves,64,Lee's Summit North,70
2025-12-12,Woodland,74,Leopold,59
2025-12-12,Believe Acad Charter,22,Liberty (Mountain View),76
2025-12-12,Park Hill,69,Liberty North,58
2025-12-12,Kirkwood,54,Lindbergh,55
2025-12-12,Dixon,71,Linn,37
2025-12-12,Atlanta,74,Linn County,30
2025-12-12,Lift for Life Academy Charter,64,Lutheran North,62
2025-12-12,Whitfield,53,Lutheran St. Charles,56
2025-12-12,Eminence,51,Lutie,28
2025-12-12,Campbell,54,Malden,59
2025-12-12,Polo,37,Marceline,62
2025-12-12,South Shelby,62,Marion County,38
2025-12-12,Tuscumbia,44,Marionville,57
2025-12-12,Fulton,64,Marshall,62
2025-12-12,Milan,19,Maysville,80
2025-12-12,Sarcoxie,27,McAuley Catholic,48
2025-12-12,Marquand-Zion,88,Meadow Heights,76
2025-12-12,Brashear,53,Meadville,56
2025-12-12,Midway,41,Miami (Amoret),43
2025-12-12,Willow Springs,54,Monett,37
2025-12-12,Palmyra,30,Monroe City,49
2025-12-12,St. Clair,82,Naylor,60
2025-12-12,Blue Eye,62,New Covenant Academy,54
2025-12-12,Madison,26,New Franklin,81
2025-12-12,Wright City,53,New Haven,60
2025-12-12,Hurley,33,Niangua,56
2025-12-12,Paseo Academy,48,Northeast (Kansas City),60
2025-12-12,Sherwood,32,Osceola,54
2025-12-12,Central (Springfield),70,Ozark,80
2025-12-12,Rolla,72,Park Hill South,46
2025-12-12,Eureka,56,Parkway Central,39
2025-12-12,Raytown,57,Platte County,38
2025-12-12,Pattonsburg,53,Princeton,64
2025-12-12,SLUH,72,Priory,44
2025-12-12,Exeter,46,Purdy,70
2025-12-12,Ruskin,61,Raymore-Peculiar,67
2025-12-12,Cassville,52,Reeds Spring,44
2025-12-12,Capital City,43,Republic,69
2025-12-12,Tuscumbia,68,Richland,55
2025-12-12,Fatima,50,Sarcoxie,70
2025-12-12,St. James,68,Salem,49
2025-12-12,Sweet Springs,41,Scott County Central,54
2025-12-12,Green City,67,Schuyler County,83
2025-12-12,Oran,55,Seneca,86
2025-12-12,Windsor (Imperial),58,Seckman,82
2025-12-12,Montgomery County,63,South Pemiscot,46
2025-12-12,Winona,62,South Shelby,53
2025-12-12,Community,52,Salem,79
2025-12-12,Maryville,60,Stover,30
2025-12-12,Norborne,53,Thayer,72
2025-12-12,Union,69,Spokane,30
2025-12-12,Summit Christian Academy,60,Springfield Catholic,64
2025-12-12,Potosi,77,St. Clair,69
2025-12-12,North Harrison,40,St. Joseph Christian,49
2025-12-12,Oak Ridge,39,St. Vincent,81
2025-12-12,North Andrew,62,Vienna,51
2025-12-12,Valle Catholic,48,Ste. Genevieve,65
2025-12-12,Van Buren,87,Wright City,40
2025-12-12,Veritas Christian Academy,52,West Plains,63
2025-12-12,Barstow,63,West Plains,67
2025-12-12,Francis Howell Central,95,Timberland,83
2025-12-12,Chillicothe,54,Trenton,33
2025-12-12,Braymer,66,Tri-County,28
2025-12-12,St. Francis Borgia,57,University City,67
2025-12-12,Crystal City,43,Valley Park,79
2025-12-12,Central (Kansas City),35,Versailles,73
2025-12-12,Westran,71,Vienna,62
2025-12-12,Jefferson City,59,Warrensburg,40
2025-12-12,Christian Brothers College,73,Webster Groves,85
2025-12-12,Bishop LeBlond,42,West Nodaway with Nodaway-Holt,60
2025-12-12,Forsyth,57,West Plains,65
2025-12-12,St. Dominic,57,Westminster Christian Academy,50
2025-12-12,Green Ridge,47,Wheatland,55
2025-12-12,St. Charles,72,William Chrisman,38
2025-12-12,St. Charles,41,Winfield,42
2025-12-12,King City,40,Worth County,42
2025-12-13,Smithton,64,Bunceton,19
2025-12-13,West Plains,26,Bunker,63
2025-12-13,Eminence,57,Cabool,45
2025-12-13,Webb City,56,Carl Junction,60
2025-12-13,Joplin,54,Carthage,41
2025-12-13,Capital City,79,Central (Springfield),76
2025-12-13,North Callaway,41,Centralia,55
2025-12-13,Mansfield,51,Chadwick,44
2025-12-13,Webster Groves,57,Christian Brothers College,75
2025-12-13,St. Paul Lutheran (Concordia),45,Crest Ridge,56
2025-12-13,North Platte,69,East Buchanan,54
2025-12-13,Seneca,58,Farmington,66
2025-12-13,Seckman,67,Festus,49
2025-12-13,Brunswick,38,Grandview,70
2025-12-13,Summit Christian Academy,55,Greenwood,37
2025-12-13,Valley,32,Hayti,73
2025-12-13,Lebanon,57,Hillsboro,48
2025-12-13,New Bloomfield,43,Jamestown,27
2025-12-13,Lutheran North,65,Jennings,47
2025-12-13,Lift for Life Academy Charter,55,John Burroughs,53
2025-12-13,Richmond,52,Lafayette County,70
2025-12-13,Gloria Deo Academy,45,Laquey,49
2025-12-13,Webster Groves,76,Lee's Summit North,67
2025-12-13,Rolla,74,Liberty,32
2025-12-13,Wellington-Napoleon,46,Lone Jack,49
2025-12-13,Conway,43,Lutie,56
2025-12-13,West Platte,32,Mid-Buchanan,73
2025-12-13,Hallsville,58,Moberly,64
2025-12-13,Northwest (Cedar Hill),60,North County,61
2025-12-13,Sparta,69,Oak Grove,62
2025-12-13,Republic,53,Ozark,48
2025-12-13,Sacred Heart,72,Pilot Grove,57
2025-12-13,Worth County,35,Prairie Home,34
2025-12-13,Van-Far,44,Schuyler County,51
2025-12-13,West County,50,Warsaw,47
2025-12-13,Faith Christian Academy,51,Tarkio with Fairfax,46
2025-12-13,Battle,67,St. Charles,71
2025-12-13,Northwest (Hughesville),48,Westran,62
2025-12-13,Springfield Catholic,68,Willow Springs,61
2025-12-13,Father Tolton,52,Windsor,57
2025-12-13,Father Tolton,52,Windsor (Imperial),57
2025-12-14,Rock Bridge,59,Central (New Madrid County),50
2025-12-14,Savannah,75,Fox,33
2025-12-15,Harrisonville,96,Adrian,27
2025-12-15,Pleasant Hill,76,Appleton City,54
2025-12-15,Bismarck,30,Arcadia Valley,62
2025-12-15,Eldon,48,Belle,68
2025-12-15,Cabool,75,Bradleyville,65
2025-12-15,Schuyler County,55,Brunswick,65
2025-12-15,University Academy Charter,74,Butler,49
2025-12-15,Naylor,39,Campbell,62
2025-12-15,Oak Ridge,62,Crystal City,55
2025-12-15,Fatima,46,Cuba,33
2025-12-15,Richland (Essex),50,Dexter,79
2025-12-15,Portageville,33,Doniphan,73
2025-12-15,Holden,52,Drexel,66
2025-12-15,Bayless,61,Duchesne,45
2025-12-15,Zalma,69,Ellington,64
2025-12-15,New Covenant Academy,96,Everton,60
2025-12-15,Halfway,75,Fair Play,32
2025-12-15,West Platte,71,Faith Christian Academy,65
2025-12-15,Ft. Zumwalt East,40,Ft. Zumwalt West,59
2025-12-15,St. Clair,57,Grandview (Hillsboro),35
2025-12-15,Leeton,41,Green Ridge,56
2025-12-15,Verona,37,Greenfield,70
2025-12-15,Risco,60,Greenville,48
2025-12-15,University City,55,Hazelwood East,80
2025-12-15,Bevier,43,Higbee,73
2025-12-15,Sweet Springs,83,Holcomb,67
2025-12-15,McAuley Catholic,51,Jasper,44
2025-12-15,Columbia Independent,61,La Monte,32
2025-12-15,Wellington-Napoleon,51,Lawson,47
2025-12-15,Rockhurst,68,Lee's Summit North,66
2025-12-15,Northwestern (Mendon),41,Linn County,52
2025-12-15,Thomas Jefferson Independent Day,46,Lockwood,59
2025-12-15,Plattsburg,66,Lutheran (Kansas City),78
2025-12-15,Miller Career Academy,78,Lutheran St. Charles,65
2025-12-15,Niangua,33,Lutie,43
2025-12-15,Wellsville-Middletown,28,Missouri Military Academy,69
2025-12-15,Macks Creek,67,Newburg,79
2025-12-15,North Nodaway,32,North Andrew,60
2025-12-15,Summersville,78,North Pemiscot,24
2025-12-15,La Plata,34,Northeast (Cairo),70
2025-12-15,Ewing Marion Kauffman,67,Northeast Vernon County,36
2025-12-15,Polo,49,Northland Christian,63
2025-12-15,Linn,26,Osage,68
2025-12-15,Dadeville,42,Osceola,33
2025-12-15,Priory,37,Principia,82
2025-12-15,Carrollton,57,Richmond,70
2025-12-15,Poplar Bluff,73,Saxony Lutheran,49
2025-12-15,Highland,58,Senath-Hornersville,62
2025-12-15,Gideon,44,Senath-Hornersville,65
2025-12-15,Community,31,South Pemiscot,77
2025-12-15,Calvary Lutheran,68,Westran,66
2025-12-15,Thayer,23,Sweet Springs,59
2025-12-15,Parkway North,76,Timberland,70
2025-12-15,California,43,Tipton,62
2025-12-15,Hogan Prep Academy Charter,27,Warrensburg,55
2025-12-15,Crest Ridge,53,Windsor,55
2025-12-15,St. Charles West,55,Winfield,18
2025-12-16,Worth County,41,Albany,31
2025-12-16,Stanberry,67,Arcadia Valley,50
2025-12-16,Midway,34,Archie,78
2025-12-16,Union,71,Ash Grove,62
2025-12-16,Platte County,45,Belton,62
2025-12-16,Woodland,68,Bernie,56
2025-12-16,Greenwood,47,Billings,48
2025-12-16,Jefferson City,45,Blair Oaks,65
2025-12-16,Exeter,22,Blue Eye,77
2025-12-16,Liberty,39,Blue Springs South,47
2025-12-16,Louisiana,52,Bowling Green,58
2025-12-16,Republic,65,Branson,60
2025-12-16,Milan,30,Brashear,63
2025-12-16,Maplewood-Richmond Hts.,88,Brentwood,54
2025-12-16,Ellington,31,Bunker,82
2025-12-16,South Shelby,65,Canton,70
2025-12-16,St. Charles West,56,Cardinal Ritter,68
2025-12-16,St. Paul Lutheran (Concordia),66,Carrollton,42
2025-12-16,Fredericktown,51,Caruthersville,71
2025-12-16,Springfield Catholic,74,Cassville,51
2025-12-16,Paseo Academy,21,Center,74
2025-12-16,Kennett,47,Central (New Madrid County),54
2025-12-16,Odessa,20,Central (St. Joseph),50
2025-12-16,Niangua,25,Chadwick,57
2025-12-16,St. Vincent,61,Chaffee,70
2025-12-16,New Bloomfield,43,Chamois,58
2025-12-16,St. Paul Lutheran (Farmington),63,Clearwater,81
2025-12-16,Marionville,25,Clever,58
2025-12-16,Elsberry,29,Clopton,55
2025-12-16,Worth County,54,Community,35
2025-12-16,Gateway Science Charter,30,Confluence Prep Academy Charter,94
2025-12-16,Cooter,64,Delta (Deering),55
2025-12-16,Central (Park Hills),53,DeSoto,66
2025-12-16,Van-Far,58,Dixon,81
2025-12-16,Savannah,48,East Buchanan,61
2025-12-16,Carthage,53,East Newton,58
2025-12-16,Oran,52,East Prairie,82
2025-12-16,Cuba,42,Eldon,53
2025-12-16,Plato,32,Eminence,70
2025-12-16,Hallsville,54,Eugene,61
2025-12-16,Golden City,94,Everton,46
2025-12-16,Bolivar,88,Fair Grove,52
2025-12-16,Notre Dame (Cape Girardeau),53,Farmington,75
2025-12-16,Westran,64,Fayette,59
2025-12-16,Dora,39,Fordland,76
2025-12-16,Central (Springfield),72,Forsyth,61
2025-12-16,Lindbergh,73,Fox,40
2025-12-16,Ft. Zumwalt North,55,Francis Howell Central,76
2025-12-16,Boonville,59,Fulton,43
2025-12-16,Hollister,54,Gainesville,79
2025-12-16,Walnut Grove,36,Galena,74
2025-12-16,St. Pius X (Festus),57,Gateway,92
2025-12-16,Pilot Grove,38,Glasgow,77
2025-12-16,Joplin,57,Glendale,85
2025-12-16,Kearney,40,Grain Valley,58
2025-12-16,Lockwood,46,Greenfield,58
2025-12-16,Risco,60,Greenville,48
2025-12-16,Frontier School of Excellence Charter,75,Guadalupe Centers Charter,20
2025-12-16,Climax Springs,39,Halfway,38
2025-12-16,Moberly,55,Hannibal,45
2025-12-16,Keytesville,21,Hardin-Central,49
2025-12-16,Neelyville,26,Hartville,54
2025-12-16,Northwest (Cedar Hill),35,Hazelwood West,53
2025-12-16,Kingston,55,Herculaneum,82
2025-12-16,Northwest (Hughesville),46,Hermitage,52
2025-12-16,Perryville,45,Hillsboro,57
2025-12-16,Prairie Home,45,Iberia,58
2025-12-16,Dexter,43,Jackson,45
2025-12-16,Christian Fellowship Sr.,82,Jamestown,64
2025-12-16,Ste. Genevieve,58,Jefferson (Festus),51
2025-12-16,Seneca,64,Kelly,45
2025-12-16,Vienna,33,King City,55
2025-12-16,Holden,47,Kingsville,74
2025-12-16,Mexico,57,Kirksville,50
2025-12-16,Richmond,60,Knob Noster,61
2025-12-16,Mid-Buchanan,58,Lafayette (St. Joseph),47
2025-12-16,Sweet Springs,30,Lafayette County,68
2025-12-16,Chilhowee,31,Lakeland,56
2025-12-16,Liberal,45,Lamar,89
2025-12-16,Orrick,63,Lathrop,37
2025-12-16,Cameron,32,Lawson,42
2025-12-16,Bell City,49,Leopold,44
2025-12-16,East Carter,71,Lesterville,34
2025-12-16,Battle,60,Liberty (Wentzville),34
2025-12-16,Crocker,23,Licking,60
2025-12-16,Smithton,28,Lincoln,69
2025-12-16,Northeast (Kansas City),31,Lincoln College Prep,82
2025-12-16,Helias Catholic,46,Logan-Rogersville,65
2025-12-16,Bradleyville,70,Lutie,33
2025-12-16,Chillicothe,36,Macon,34
2025-12-16,Clarkton,63,Malden,101
2025-12-16,Monroe City,60,Mark Twain,28
2025-12-16,Camdenton,86,Marshfield,77
2025-12-16,Troy Buchanan,49,McCluer,51
2025-12-16,Delta,105,Meadow Heights,35
2025-12-16,Linn County,28,Meadville,64
2025-12-16,Webster Groves,78,Mehlville,53
2025-12-16,Rich Hill,40,Miami (Amoret),43
2025-12-16,Green Ridge,61,Montrose,22
2025-12-16,North Platte,73,Mound City,57
2025-12-16,Winona,53,Mountain Grove,50
2025-12-16,Monett,37,Neosho,61
2025-12-16,Hume,30,Nevada,64
2025-12-16,Marion C. Early,94,New Covenant Academy,75
2025-12-16,Bourbon,42,Newburg,88
2025-12-16,Higbee,79,Norborne,36
2025-12-16,Princeton,61,North Harrison,56
2025-12-16,Portageville,87,North Pemiscot,11
2025-12-16,Washington,73,North Point,51
2025-12-16,Madison,20,Northeast (Cairo),59
2025-12-16,North Nodaway,44,Northeast Nodaway,40
2025-12-16,Bevier,33,Novinger,54
2025-12-16,Southeast,43,Oak Grove,63
2025-12-16,Seckman,72,Oakville,56
2025-12-16,Tuscumbia,49,Otterville,52
2025-12-16,St. Clair,32,Owensville,51
2025-12-16,Hillcrest,63,Ozark,89
2025-12-16,Union,37,Pacific,33
2025-12-16,Liberty North,51,Park Hill South,59
2025-12-16,Pattonville,60,Parkway West,57
2025-12-16,Wheatland,85,Pleasant Hope,64
2025-12-16,Maysville,71,Polo,31
2025-12-16,Pierce City,62,Purdy,54
2025-12-16,Marceline,53,Putnam County,38
2025-12-16,St. Clair,39,Puxico,76
2025-12-16,Ruskin,46,Raymore-Peculiar,67
2025-12-16,Mt. Vernon,49,Reeds Spring,33
2025-12-16,Laquey,60,Richland,52
2025-12-16,Marquette,71,Rockwood Summit,53
2025-12-16,Knox County,52,Schuyler County,66
2025-12-16,Sacred Heart,71,Scott County Central,57
2025-12-16,Campbell,58,Senath-Hornersville,75
2025-12-16,Weaubleau,46,South Callaway,40
2025-12-16,Hayti,65,Sikeston,84
2025-12-16,Buffalo,33,South Shelby,60
2025-12-16,New Franklin,58,Salem,54
2025-12-16,Versailles,49,Sparta,58
2025-12-16,Gallatin,62,St. Elizabeth,51
2025-12-16,Rock Port,68,St. James,37
2025-12-16,Hermann,27,Southern Boone,56
2025-12-16,Diamond,42,Tuscumbia,44
2025-12-16,Mansfield,85,Spokane,48
2025-12-16,Ft. Zumwalt East,45,St. Charles,60
2025-12-16,New Haven,22,St. James,67
2025-12-16,Tri-County,37,St. Joseph Christian,75
2025-12-16,Hancock,60,STEAM Academy,57
2025-12-16,El Dorado Springs,39,Wellsville-Middletown,53
2025-12-16,Grandview,66,Summit Christian Academy,62
2025-12-16,Normandy Collaborative,40,West Plains,64
2025-12-16,Stover,51,Tarkio with Fairfax,75
2025-12-16,Brookfield,56,Trenton,72
2025-12-16,Excelsior Springs,39,St. Charles,76
2025-12-16,West Nodaway with Nodaway-Holt,78,Union Star,33
2025-12-16,Warsaw,61,Valley,54
2025-12-16,Bayless,82,Valley Park,32
2025-12-16,North Callaway,62,Van-Far,43
2025-12-16,Clinton,83,Versailles,71
2025-12-16,Francis Howell North,61,Warrenton,48
2025-12-16,Cole Camp,33,Warsaw,38
2025-12-16,Penney,59,Wellington-Napoleon,45
2025-12-16,Sarcoxie,71,Wheaton,51
2025-12-16,West Plains,66,Willard,73
2025-12-16,Smithville,49,Willow Springs,54
2025-12-16,Festus,75,Windsor (Imperial),56
2025-12-16,Montgomery County,50,Wright City,39
2025-12-17,Butler,40,Adrian,51
2025-12-17,Northwest (Cedar Hill),59,Affton,52
2025-12-17,New Haven,83,Bourbon,34
2025-12-17,Normandy Collaborative,51,Confluence Prep Academy Charter,72
2025-12-17,Chadwick,41,Crane,56
2025-12-17,Leeton,35,Drexel,43
2025-12-17,Webster Groves,91,Father Tolton,70
2025-12-17,Raytown,76,Fort Osage,58
2025-12-17,Naylor,36,Gideon,39
2025-12-17,University Academy Charter,32,Harrisonville,63
2025-12-17,Miller Career Academy,68,Hazelwood Central,69
2025-12-17,Neosho,75,Hogan Prep Academy Charter,33
2025-12-17,Winona,63,Koshkonong,46
2025-12-17,Ballard,57,La Monte,40
2025-12-17,California,51,Linn,38
2025-12-17,Windsor,54,Lone Jack,56
2025-12-17,La Plata,51,Marion County,36
2025-12-17,Believe Acad Charter,19,McCluer North,100
2025-12-17,KIPP St. Louis Sr.,64,McKinley Classical Leadership,77
2025-12-17,Pleasant Hill,30,Nevada,63
2025-12-17,Saxony Lutheran,49,North County,52
2025-12-17,Kearney,67,Northeast (Kansas City),25
2025-12-17,Rich Hill,54,Northeast Vernon County,40
2025-12-17,University City,47,Parkway North,59
2025-12-17,Crest Ridge,67,Sherwood,31
2025-12-17,St. Michael the Archangel,66,St. Pius X (Kansas City),52
2025-12-17,Savannah,60,Waynesville,58
2025-12-18,Liberty (Mountain View),54,Bakersfield,47
2025-12-18,Fatima,61,Belle,55
2025-12-18,Lee's Summit,82,Belton,51
2025-12-18,Bell City,54,Bernie,79
2025-12-18,School of the Ozarks,25,Billings,65
2025-12-18,Priory,80,Bishop DuBourg,44
2025-12-18,Spokane,78,Blue Eye,57
2025-12-18,Oak Grove,62,Boonville,53
2025-12-18,Hume,54,Bronaugh,38
2025-12-18,East Carter,47,Bunker,73
2025-12-18,Delta (Deering),35,Campbell,65
2025-12-18,Scott County Central,51,Carrollton,75
2025-12-18,Diamond,44,Cassville,50
2025-12-18,Jefferson (Festus),84,Central (Park Hills),53
2025-12-18,Greenville,70,Clarkton,52
2025-12-18,Walnut Grove,29,Clever,44
2025-12-18,Osceola,48,Clinton,85
2025-12-18,Summersville,58,Doniphan,39
2025-12-18,Raytown South,66,Excelsior Springs,33
2025-12-18,Smithville,64,Fair Grove,56
2025-12-18,New Covenant Academy,69,Fair Play,62
2025-12-18,North Point,53,Ft. Zumwalt North,82
2025-12-18,Kingston,56,Grandview (Hillsboro),52
2025-12-18,Kingsville,53,Green Ridge,42
2025-12-18,McKinley Classical Leadership,74,Hancock,48
2025-12-18,West Plains,44,Hazelwood Central,70
2025-12-18,Ritenour,51,Hazelwood East,46
2025-12-18,Liberty (Wentzville),63,Hazelwood West,61
2025-12-18,St. Clair,46,Herculaneum,38
2025-12-18,Iberia,59,Hermitage,55
2025-12-18,Bowling Green,62,Highland,30
2025-12-18,Monett,63,Hollister,53
2025-12-18,Pleasant Hope,68,Hurley,35
2025-12-18,Wheaton,51,Jasper,50
2025-12-18,Warsaw,25,Knob Noster,62
2025-12-18,Marceline,49,La Plata,36
2025-12-18,Park Hill South,71,Lafayette (St. Joseph),39
2025-12-18,Eureka,56,Lafayette (Wildwood),53
2025-12-18,Northland Christian,48,Lathrop,26
2025-12-18,North Kansas City,60,Lee's Summit North,52
2025-12-18,Clearwater,61,Lesterville,68
2025-12-18,Orrick,31,Lexington,68
2025-12-18,Otterville,38,Lincoln,60
2025-12-18,Mercer,58,Linn County,50
2025-12-18,North Callaway,66,Louisiana,53
2025-12-18,Humansville,56,Macks Creek,45
2025-12-18,Bishop LeBlond,43,Macon,42
2025-12-18,Risco,83,Malden,71
2025-12-18,Greenfield,37,McAuley Catholic,59
2025-12-18,Hannibal,53,Mexico,55
2025-12-18,Ewing Marion Kauffman,64,Miami (Amoret),27
2025-12-18,Conway,71,Niangua,41
2025-12-18,Prairie Home,42,Northwest (Hughesville),56
2025-12-18,Hardin-Central,53,Northwestern (Mendon),57
2025-12-18,Tipton,53,Osage,89
2025-12-18,Worth County,45,Pilot Grove,60
2025-12-18,North Andrew,42,Princeton,49
2025-12-18,Mehlville,45,Rockwood Summit,64
2025-12-18,Owensville,55,Sarcoxie,49
2025-12-18,Northeast (Cairo),38,Schuyler County,70
2025-12-18,Brookfield,37,Schuyler County,82
2025-12-18,Kelly,78,Scott County Central,44
2025-12-18,Cooter,75,Senath-Hornersville,64
2025-12-18,Winfield,47,South Pemiscot,35
2025-12-18,Tuscumbia,64,Smithton,44
2025-12-18,Christian Fellowship Sr.,69,Slater,74
2025-12-18,Union Star,42,Stover,67
2025-12-18,Ash Grove,72,Tuscumbia,48
2025-12-18,Willard,28,St. Paul Lutheran (Concordia),57
2025-12-18,Cole Camp,37,Sweet Springs,34
2025-12-18,Affton,58,Valley Park,62
2025-12-18,St. Clair,68,Van Buren,66
2025-12-18,Montrose,22,Weaubleau,72
2025-12-18,Potosi,73,West County,60
2025-12-18,Plattsburg,45,West Platte,61
2025-12-18,North Shelby,45,Westran,55
2025-12-18,Sherwood,42,Windsor,50
2025-12-19,Bloomfield,56,Advance,63
2025-12-19,Brashear,53,Atlanta,61
2025-12-19,Bolivar,68,Aurora,33
2025-12-19,Neelyville,54,Bakersfield,38
2025-12-19,Tri-County,34,Bevier,48
2025-12-19,Meadow Heights,48,Bismarck,64
2025-12-19,Rolla,56,Blair Oaks,67
2025-12-19,Raymore-Peculiar,77,Blue Springs,59
2025-12-19,Mercer,42,Braymer,63
2025-12-19,South Shelby,66,Brookfield,68
2025-12-19,Wellsville-Middletown,62,Buffalo,56
2025-12-19,Salem,58,Camdenton,55
2025-12-19,Joplin,67,Carl Junction,75
2025-12-19,Farmington,70,Central (Cape Girardeau),46
2025-12-19,Seneca,77,Central (New Madrid County),49
2025-12-19,Savannah,55,Central (St. Joseph),54
2025-12-19,Chillicothe,47,Centralia,54
2025-12-19,Vienna,55,Chamois,18
2025-12-19,Norborne,57,Chilhowee,59
2025-12-19,North Pemiscot,14,Clarkton,79
2025-12-19,Zalma,55,Clearwater,77
2025-12-19,Reeds Spring,45,Clinton,46
2025-12-19,Veritas Christian Academy,63,Columbia Independent,83
2025-12-19,Fordland,87,Conway,53
2025-12-19,Marionville,32,Crane,66
2025-12-19,Osceola,45,Crest Ridge,67
2025-12-19,Dixon,71,Crocker,39
2025-12-19,Valley,65,Crystal City,51
2025-12-19,Linn,49,Cuba,72
2025-12-19,Christian Brothers College,49,De Smet Jesuit,69
2025-12-19,Northeast Nodaway,51,DeKalb,45
2025-12-19,Leopold,57,Delta,74
2025-12-19,New Heights Christian,56,Diamond,53
2025-12-19,Malden,54,Doniphan,48
2025-12-19,Couch,63,Dora,38
2025-12-19,Oak Ridge,34,East Prairie,69
2025-12-19,California,54,Eldon,46
2025-12-19,Gloria Deo Academy,78,Exeter,49
2025-12-19,Jackson,65,Festus,45
2025-12-19,East Newton,47,Forsyth,55
2025-12-19,Ruskin,77,Fort Osage,66
2025-12-19,Francis Howell Central,45,Francis Howell,59
2025-12-19,Washington,47,Ft. Zumwalt South,68
2025-12-19,Troy Buchanan,52,Ft. Zumwalt West,55
2025-12-19,Hurley,28,Galena,97
2025-12-19,Trenton,29,Gallatin,62
2025-12-19,STEAM Academy,70,Gateway Science Charter,28
2025-12-19,Portageville,33,Greenville,38
2025-12-19,Hallsville,49,Harrisburg,34
2025-12-19,Nevada,54,Harrisonville,50
2025-12-19,Liberty (Mountain View),45,Hartville,67
2025-12-19,Father Tolton,34,Helias Catholic,73
2025-12-19,Windsor (Imperial),64,Hillsboro,43
2025-12-19,St. Pius X (Kansas City),83,Hogan Prep Academy Charter,37
2025-12-19,Ballard,36,Holden,47
2025-12-19,Plato,24,Houston,99
2025-12-19,Perryville,73,Kelly,77
2025-12-19,Charleston,70,Kennett,56
2025-12-19,Licking,40,Laquey,16
2025-12-19,Lakeland,35,Leeton,47
2025-12-19,Liberty North,49,Liberty,55
2025-12-19,Lafayette County,67,Lone Jack,51
2025-12-19,Lutheran St. Charles,51,Lutheran North,56
2025-12-19,Clayton,93,Lutheran South,84
2025-12-19,McCluer North,63,Maplewood-Richmond Hts.,25
2025-12-19,St. Elizabeth,61,Marceline,30
2025-12-19,Pierce City,56,Marion C. Early,35
2025-12-19,Senath-Hornersville,73,Marion County,39
2025-12-19,Clopton,53,Mark Twain,46
2025-12-19,Grandview (Hillsboro),66,Marquand-Zion,57
2025-12-19,Moberly,70,Marshall,81
2025-12-19,Willard,86,Marshfield,60
2025-12-19,Putnam County,50,Maysville,73
2025-12-19,Hazelwood Central,58,McKinley Classical Leadership,59
2025-12-19,New Franklin,46,Meadville,29
2025-12-19,Lawson,40,Mid-Buchanan,90
2025-12-19,Rich Hill,49,Midway,37
2025-12-19,Polo,76,Milan,44
2025-12-19,Battle,68,Miller Career Academy,48
2025-12-19,Wellsville-Middletown,11,Montgomery County,91
2025-12-19,Drexel,65,Montrose,20
2025-12-19,Tarkio with Fairfax,63,Mound City,48
2025-12-19,Mansfield,69,Mountain Grove,51
2025-12-19,Springfield Catholic,66,Mt. Vernon,52
2025-12-19,Pacific,63,New Haven,49
2025-12-19,Lee's Summit,88,Nixa,81
2025-12-19,DeSoto,52,North County,59
2025-12-19,East Buchanan,33,North Platte,42
2025-12-19,Webb City,76,Northeast (Kansas City),54
2025-12-19,Waynesville,49,Northwest (Cedar Hill),45
2025-12-19,Sikeston,73,Notre Dame (Cape Girardeau),45
2025-12-19,Parkway South,42,Oakville,44
2025-12-19,Excelsior Springs,43,Odessa,57
2025-12-19,Branson,72,Ozark,79
2025-12-19,Lee's Summit West,52,Park Hill,62
2025-12-19,Hillcrest,59,Parkview,52
2025-12-19,Lindbergh,51,Parkway Central,47
2025-12-19,North Harrison,46,Pattonsburg,65
2025-12-19,Winnetonka,57,Pembroke Hill,60
2025-12-19,Lathrop,18,Penney,80
2025-12-19,William Chrisman,50,Platte County,47
2025-12-19,University Academy Charter,60,Pleasant Hill,48
2025-12-19,Capital City,54,Poplar Bluff,63
2025-12-19,Wheaton,52,Purdy,42
2025-12-19,Westran,71,Richland,56
2025-12-19,Summersville,60,Risco,58
2025-12-19,Versailles,88,Sarcoxie,78
2025-12-19,Miller,52,Sarcoxie,31
2025-12-19,Arcadia Valley,62,Saxony Lutheran,44
2025-12-19,Chaffee,86,Scott County Central,39
2025-12-19,Fox,50,Seckman,77
2025-12-19,Neosho,60,Seneca,21
2025-12-19,Everton,56,South Callaway,77
2025-12-19,Kearney,64,Sparta,43
2025-12-19,Francis Howell North,61,Soldan International Studies,31
2025-12-19,West Platte,58,Stover,39
2025-12-19,Central (Kansas City),63,Southeast,60
2025-12-19,Jefferson City,40,Southern Boone,45
2025-12-19,Ava,49,Union,79
2025-12-19,Hickman,47,St. Dominic,63
2025-12-19,Eugene,73,Van-Far,55
2025-12-19,Duchesne,56,St. Francis Borgia,77
2025-12-19,King City,62,St. Joseph Christian,38
2025-12-19,Central (Park Hills),65,St. Paul Lutheran (Farmington),42
2025-12-19,Webster Groves,87,St. Pius X (Festus),40
2025-12-19,Albany,61,Vienna,49
2025-12-19,Hayti,57,Ste. Genevieve,69
2025-12-19,Gainesville,77,Wright City,28
2025-12-19,Puxico,59,Thayer,46
2025-12-19,Holt,64,Timberland,70
2025-12-19,Grain Valley,64,St. Charles,47
2025-12-19,St. James,52,Union,58
2025-12-19,Bayless,54,University City,75
2025-12-19,Fredericktown,70,Valle Catholic,56
2025-12-19,Ellington,29,Van Buren,107
2025-12-19,Warrensburg,45,Versailles,73
2025-12-19,Community,11,Van-Far,55
2025-12-19,Lockwood,67,Verona,42
2025-12-19,Chaminade College Prep,72,Vianney,54
2025-12-19,Wright City,31,Warrenton,57
2025-12-19,Lexington,58,Wellington-Napoleon,73
2025-12-19,St. James,46,West Nodaway with Nodaway-Holt,65
2025-12-19,Westminster Christian Academy,59,Whitfield,44
2025-12-19,Alton,42,Willow Springs,70
2025-12-19,Dexter,62,Woodland,64
2025-12-20,Couch,55,Alton,66
2025-12-20,Ewing Marion Kauffman,66,Archie,36
2025-12-20,Bradleyville,53,Ash Grove,74
2025-12-20,Warsaw,66,Aurora,51
2025-12-20,Greenfield,37,Bakersfield,72
2025-12-20,Tipton,38,Belle,54
2025-12-20,Walnut Grove,47,Billings,59
2025-12-20,Norwood,72,Blue Eye,49
2025-12-20,North Kansas City,60,Blue Springs South,57
2025-12-20,La Plata,57,Brookfield,59
2025-12-20,North Platte,65,Cameron,34
2025-12-20,Marionville,43,Chadwick,64
2025-12-20,South Shelby,53,Clinton,60
2025-12-20,St. Paul Lutheran (Concordia),64,Cole Camp,37
2025-12-20,Maysville,38,East Buchanan,54
2025-12-20,Academie Lafayette,39,Green City,60
2025-12-20,Northwestern (Mendon),54,Grundy County with Newtown-Harris,32
2025-12-20,Waynesville,46,Hazelwood East,52
2025-12-20,Otterville,63,Hermitage,77
2025-12-20,El Dorado Springs,38,Hollister,50
2025-12-20,Newburg,55,Houston,69
2025-12-20,Smithville,77,Hurley,19
2025-12-20,Lincoln,54,Iberia,39
2025-12-20,New Bloomfield,51,Jamestown,33
2025-12-20,Central (Cape Girardeau),48,Jefferson City,52
2025-12-20,Sacred Heart,68,Kingsville,72
2025-12-20,Niangua,18,Lamar,62
2025-12-20,Halfway,69,Lesterville,52
2025-12-20,Faith Christian Academy,50,Lincoln College Prep,70
2025-12-20,Pierce City,56,Marion C. Early,35
2025-12-20,Mid-Buchanan,62,Maryville,48
2025-12-20,Hancock,67,Metro,29
2025-12-20,Poplar Bluff,66,Northwest (Cedar Hill),46
2025-12-20,Tuscumbia,44,Northwest (Hughesville),45
2025-12-20,Fatima,51,Osage,63
2025-12-20,Princeton,61,Polo,47
2025-12-20,Weaubleau,41,Reeds Spring,44
2025-12-20,Warsaw,62,Scott County Central,44
2025-12-20,Father Tolton,37,Savannah,50
2025-12-20,Van-Far,45,Slater,60
2025-12-20,Rock Port,58,St. Joseph Christian,33
2025-12-20,Greenwood,63,Wheatland,51
2025-12-22,Ash Grove,42,Bakersfield,54
2025-12-22,Chadwick,57,Billings,49
2025-12-22,Mark Twain,42,Bowling Green,78
2025-12-22,North Shelby,67,Brashear,37
2025-12-22,Clark County,56,Canton,59
2025-12-22,Hallsville,61,Centralia,50
2025-12-22,Richmond,37,Chillicothe,57
2025-12-22,Stover,49,Crest Ridge,61
2025-12-22,St. James,60,DeKalb,27
2025-12-22,Chilhowee,31,Drexel,66
2025-12-22,Central (Kansas City),56,East Buchanan,66
2025-12-22,Hurley,20,El Dorado Springs,78
2025-12-22,Marshfield,84,Forsyth,87
2025-12-22,Notre Dame (Cape Girardeau),65,Fredericktown,55
2025-12-22,Rock Port,59,Gallatin,55
2025-12-22,Hillcrest,82,Glendale,75
2025-12-22,Bradleyville,66,Greenfield,74
2025-12-22,Bishop DuBourg,57,Hancock,21
2025-12-22,Lone Jack,58,Higbee,56
2025-12-22,Smithville,61,Hollister,46
2025-12-22,La Monte,30,Jamestown,76
2025-12-22,St. Clair,64,Kelly,53
2025-12-22,Sparta,61,Kirksville,51
2025-12-22,Highland,51,Knox County,61
2025-12-22,Pierce City,50,Lamar,45
2025-12-22,Lawson,46,Lexington,62
2025-12-22,Niangua,43,Marion C. Early,61
2025-12-22,Walnut Grove,35,Marionville,41
2025-12-22,Harrisburg,44,Mexico,46
2025-12-22,Tarkio with Fairfax,59,Milan,15
2025-12-22,Fair Grove,57,Mt. Vernon,46
2025-12-22,Greenville,39,Seneca,66
2025-12-22,Golden City,70,South Callaway,62
2025-12-22,Puxico,49,Sikeston,83
2025-12-22,St. Paul Lutheran (Farmington),26,Stanberry,80
2025-12-22,Clopton,61,South Shelby,58
2025-12-22,Worth County,35,Van-Far,63
2025-12-22,Ewing Marion Kauffman,58,West Nodaway with Nodaway-Holt,43
2025-12-22,New Bloomfield,38,William Chrisman,75
2025-12-23,Hollister,42,Ash Grove,55
2025-12-23,Smithville,62,Bakersfield,37
2025-12-23,Hurley,34,Bradleyville,78
2025-12-23,Worth County,42,Braymer,36
2025-12-23,Fort Osage,58,Carl Junction,53
2025-12-23,Pierce City,40,Chadwick,46
2025-12-23,St. Charles,61,Clayton,63
2025-12-23,Princeton,45,Crest Ridge,53
2025-12-23,Maplewood-Richmond Hts.,46,Francis Howell,62
2025-12-23,Parkway Central,67,Ft. Zumwalt North,49
2025-12-23,Rock Port,63,Green City,49
2025-12-23,El Dorado Springs,49,Greenfield,39
2025-12-23,Duchesne,47,Hazelwood East,69
2025-12-23,Christian Brothers College,85,Jennings,67
2025-12-23,Tipton,39,Kirksville,51
2025-12-23,Ladue Horton Watkins,51,Kirkwood,42
2025-12-23,Billings,74,Lamar,55
2025-12-23,Marionville,54,Marion C. Early,34
2025-12-23,Bishop DuBourg,36,Metro,30
2025-12-23,Willard,51,New Bloomfield,47
2025-12-23,Walnut Grove,37,Niangua,18
2025-12-23,Ruskin,55,Parkview,50
2025-12-23,Schuyler County,56,Pleasant Hill,60
2025-12-23,MICDS,70,Ritenour,34
2025-12-26,Seneca,64,Advance,22
2025-12-26,Gateway Science Charter,41,Affton,69
2025-12-26,Eminence,59,Alton,76
2025-12-26,Ozark,75,Ava,50
2025-12-26,Chaffee,52,Bell City,48
2025-12-26,Willow Springs,60,Branson,72
2025-12-26,Bolivar,66,Buffalo,29
2025-12-26,Plato,22,Bunker,71
2025-12-26,Mansfield,92,Cabool,51
2025-12-26,Willard,65,Camdenton,43
2025-12-26,Meadow Heights,16,Central (Cape Girardeau),74
2025-12-26,South Shelby,42,Clever,63
2025-12-26,Union,44,Crane,52
2025-12-26,Potosi,93,Crystal City,37
2025-12-26,Leopold,55,Delta,70
2025-12-26,Holcomb,22,Dexter,98
2025-12-26,Bernie,74,Doniphan,30
2025-12-26,Liberty (Mountain View),71,Dora,38
2025-12-26,Kennett,47,East Carter,66
2025-12-26,Risco,65,East Prairie,46
2025-12-26,St. Pius X (Festus),34,Eugene,90
2025-12-26,Nixa,86,Fair Grove,26
2025-12-26,Rolla,93,Fox,52
2025-12-26,MICDS,58,Francis Howell,41
2025-12-26,Arcadia Valley,60,Fredericktown,71
2025-12-26,Winona,49,Gainesville,60
2025-12-26,Puxico,72,Gideon,30
2025-12-26,Aurora,51,Glendale,85
2025-12-26,Spokane,28,Hartville,59
2025-12-26,Parkway Central,48,Hazelwood East,76
2025-12-26,Ste. Genevieve,71,Herculaneum,46
2025-12-26,West County,61,Hillsboro,65
2025-12-26,Norwood,59,Houston,48
2025-12-26,Oak Ridge,23,Jackson,90
2025-12-26,Charleston,75,Kelly,55
2025-12-26,Zalma,29,Kingston,70
2025-12-26,Christian Brothers College,75,Ladue Horton Watkins,64
2025-12-26,Lebanon,36,Logan-Rogersville,67
2025-12-26,Bloomfield,28,Malden,62
2025-12-26,Reeds Spring,56,Marshfield,82
2025-12-26,Rolla,31,Mexico,60
2025-12-26,Mountain Grove,60,Miller,37
2025-12-26,Cardinal Ritter,98,Normandy Collaborative,15
2025-12-26,Notre Dame (Cape Girardeau),71,Oran,29
2025-12-26,Mt. Vernon,49,Parkview,46
2025-12-26,Springfield Catholic,57,Republic,68
2025-12-26,Van Buren,77,Richland (Essex),66
2025-12-26,Soldan International Studies,43,Roosevelt,21
2025-12-26,Wright City,30,Salem,66
2025-12-26,Woodland,92,Scott County Central,44
2025-12-26,Confluence Prep Academy Charter,49,SLUH,42
2025-12-26,Winona,52,Wellsville-Middletown,51
2025-12-26,St. Dominic,75,Timberland,67
2025-12-26,Portageville,41,St. Clair,48
2025-12-26,Saxony Lutheran,61,Valley,62
2025-12-26,Waynesville,53,Warrensburg,58
2025-12-26,Greenwood,51,West Plains,59
2025-12-27,Meadow Heights,48,Advance,81
2025-12-27,Roosevelt,43,Affton,72
2025-12-27,Mansfield,98,Alton,65
2025-12-27,Reeds Spring,45,Aurora,48
2025-12-27,Greenwood,65,Ava,49
2025-12-27,Rock Bridge,64,Barstow,46
2025-12-27,Scott County Central,40,Bell City,63
2025-12-27,Center,67,Belton,66
2025-12-27,Principia,75,Blair Oaks,46
2025-12-27,Richland (Essex),48,Bloomfield,50
2025-12-27,Park Hill South,62,Blue Springs,66
2025-12-27,Branson,72,Bolivar,68
2025-12-27,Willow Springs,65,Buffalo,55
2025-12-27,Licking,31,Bunker,61
2025-12-27,Eminence,63,Cabool,50
2025-12-27,South Shelby,56,Camdenton,49
2025-12-27,Rock Port,64,Cameron,47
2025-12-27,Confluence Prep Academy Charter,49,Cardinal Ritter,81
2025-12-27,Seneca,53,Central (Cape Girardeau),41
2025-12-27,Summit Christian Academy,62,Central (Kansas City),29
2025-12-27,Woodland,68,Chaffee,67
2025-12-27,Notre Dame (Cape Girardeau),65,Charleston,58
2025-12-27,West Nodaway with Nodaway-Holt,43,Chillicothe,38
2025-12-27,Lincoln,65,Concordia,30
2025-12-27,Arcadia Valley,62,Crystal City,40
2025-12-27,Jefferson (Festus),59,DeSoto,29
2025-12-27,East Carter,45,Dexter,48
2025-12-27,Portageville,44,Doniphan,60
2025-12-27,Winona,78,Dora,38
2025-12-27,Wheaton,29,East Newton,52
2025-12-27,Gideon,45,East Prairie,62
2025-12-27,Lutheran South,54,Eureka,71
2025-12-27,Wellsville-Middletown,71,Fair Grove,43
2025-12-27,Central (Park Hills),32,Farmington,93
2025-12-27,Warsaw,52,Festus,71
2025-12-27,Waynesville,69,Fox,46
2025-12-27,Lift for Life Academy Charter,70,Francis Howell Central,73
2025-12-27,St. Dominic,64,Francis Howell Central,52
2025-12-27,Duchesne,54,Ft. Zumwalt North,56
2025-12-27,Parkway North,30,Ft. Zumwalt South,55
2025-12-27,Liberty (Mountain View),57,Gainesville,54
2025-12-27,STEAM Academy,58,Gateway,61
2025-12-27,Marshfield,67,Glendale,91
2025-12-27,St. Michael the Archangel,47,Grandview,51
2025-12-27,La Monte,11,Green Ridge,52
2025-12-27,Mt. Vernon,43,Hartville,61
2025-12-27,West County,48,Herculaneum,53
2025-12-27,Lafayette (Wildwood),60,Hickman,49
2025-12-27,Kennett,66,Holcomb,34
2025-12-27,Whitfield,65,Holt,79
2025-12-27,Wright City,39,Houston,70
2025-12-27,Delta,51,Jackson,72
2025-12-27,Kirkwood,86,Jennings,56
2025-12-27,Oran,59,Kelly,43
2025-12-27,Union,53,Lebanon,46
2025-12-27,Oak Ridge,40,Leopold,70
2025-12-27,Raytown,45,Liberty,48
2025-12-27,Liberty North,72,Lincoln College Prep,54
2025-12-27,John Burroughs,47,Lindbergh,66
2025-12-27,Crane,38,Logan-Rogersville,68
2025-12-27,Van Buren,76,Malden,59
2025-12-27,Ritenour,63,Maplewood-Richmond Hts.,58
2025-12-27,Parkway West,51,Marquette,73
2025-12-27,De Smet Jesuit,88,Mehlville,42
2025-12-27,Eugene,72,Mexico,54
2025-12-27,Springfield Catholic,67,Miller,41
2025-12-27,Seneca,33,Monett,50
2025-12-27,Republic,60,Mountain Grove,54
2025-12-27,Winona,47,Nixa,84
2025-12-27,SLUH,71,Normandy Collaborative,22
2025-12-27,Bishop LeBlond,57,North Andrew,49
2025-12-27,Stanberry,57,North County,72
2025-12-27,Otterville,65,Northwest (Hughesville),57
2025-12-27,Warsaw,40,Oak Grove,61
2025-12-27,Fort Osage,24,Oak Park,84
2025-12-27,West Plains,73,Ozark,69
2025-12-27,Spokane,51,Parkview,73
2025-12-27,St. Charles,60,Parkway South,69
2025-12-27,Risco,55,Puxico,76
2025-12-27,Westminster Christian Academy,74,Rockwood Summit,42
2025-12-27,Warrensburg,35,Rolla,70
2025-12-27,St. Pius X (Festus),44,Rolla,52
2025-12-27,Norwood,75,Salem,51
2025-12-27,Pleasant Hill,65,Savannah,54
2025-12-27,Valle Catholic,52,Saxony Lutheran,51
2025-12-27,North Point,47,Sikeston,85
2025-12-27,Gateway Science Charter,24,Soldan International Studies,53
2025-12-27,McAuley Catholic,29,Tuscumbia,37
2025-12-27,KIPP St. Louis Sr.,54,St. Paul Lutheran (Farmington),50
2025-12-27,St. Dominic,75,Timberland,67
2025-12-27,Bernie,47,St. Clair,55
2025-12-27,Bourbon,37,Valley Park,81
2025-12-27,Liberty (Wentzville),49,Vianney,75
2025-12-27,Clever,50,Willard,57
2025-12-27,St. Vincent,75,Zalma,35
2025-12-28,Lincoln College Prep,63,Belton,50
2025-12-28,Helias Catholic,62,Blair Oaks,68
2025-12-28,Winnetonka,54,Blue Springs South,73
2025-12-28,Eminence,63,Cabool,50
2025-12-28,SLUH,58,Cardinal Ritter,60
2025-12-28,Raytown,73,Central (Kansas City),31
2025-12-28,Delta,62,Charleston,59
2025-12-28,Marquette,60,Eureka,67
2025-12-28,St. Michael the Archangel,90,Fort Osage,34
2025-12-28,St. Pius X (Festus),43,Fox,66
2025-12-28,De Smet Jesuit,72,Ft. Zumwalt South,49
2025-12-28,Pembroke Hill,52,Grain Valley,40
2025-12-28,Liberty (Wentzville),43,Hickman,46
2025-12-28,Vianney,59,Lafayette (Wildwood),49
2025-12-28,Westminster Christian Academy,43,Lindbergh,47
2025-12-28,Parkway North,67,Mehlville,51
2025-12-28,Warrensburg,60,Mexico,62
2025-12-28,Confluence Prep Academy Charter,73,Normandy Collaborative,53
2025-12-28,Versailles,42,Park Hill,56
2025-12-28,Barstow,42,Park Hill South,64
2025-12-28,Lutheran South,46,Parkway West,38
2025-12-28,Battle,75,Raytown South,73
2025-12-28,John Burroughs,60,Rockwood Summit,67
2025-12-28,Eugene,51,Rolla,57
2025-12-28,Riverview Gardens,60,Seckman,93
2025-12-29,Bell City,67,Advance,51
2025-12-29,Soldan International Studies,43,Affton,50
2025-12-29,Gainesville,70,Alton,88
2025-12-29,Billings,62,Ash Grove,28
2025-12-29,Union,48,Aurora,45
2025-12-29,Pierce City,42,Bakersfield,53
2025-12-29,Risco,48,Bernie,51
2025-12-29,Rock Port,67,Bishop LeBlond,45
2025-12-29,Kennett,44,Bloomfield,36
2025-12-29,Rock Bridge,53,Blue Springs,68
2025-12-29,Pembroke Hill,53,Blue Springs South,84
2025-12-29,Winona,46,Bolivar,62
2025-12-29,Norwood,37,Bunker,54
2025-12-29,Veritas Christian Academy,33,Calvary Lutheran,67
2025-12-29,North Andrew,51,Cameron,54
2025-12-29,Hallsville,65,Canton,50
2025-12-29,Liberal,25,Carrollton,56
2025-12-29,Liberty North,57,Center,47
2025-12-29,Chaffee,46,Central (Cape Girardeau),32
2025-12-29,West Plains,26,Centralia,79
2025-12-29,Smithville,47,Chadwick,38
2025-12-29,Delta,69,Chaffee,84
2025-12-29,Delta,62,Charleston,59
2025-12-29,Savannah,41,Chillicothe,52
2025-12-29,MICDS,69,Clayton,41
2025-12-29,Mountain Grove,41,Clever,48
2025-12-29,Weaubleau,42,Climax Springs,46
2025-12-29,Crocker,26,Dadeville,56
2025-12-29,Central (Park Hills),59,DeSoto,68
2025-12-29,Van Buren,57,Dexter,56
2025-12-29,East Prairie,46,Doniphan,50
2025-12-29,Marionville,42,El Dorado Springs,48
2025-12-29,Winona,38,Eminence,54
2025-12-29,De Smet Jesuit,70,Eureka,31
2025-12-29,Jefferson (Festus),67,Farmington,72
2025-12-29,Van-Far,65,Fayette,35
2025-12-29,North County,36,Festus,68
2025-12-29,St. Dominic,64,Francis Howell Central,52
2025-12-29,Potosi,81,Fredericktown,66
2025-12-29,Kirkwood,64,Ft. Zumwalt North,32
2025-12-29,Marquette,52,Ft. Zumwalt South,59
2025-12-29,Logan-Rogersville,80,Glendale,46
2025-12-29,Christian Brothers College,76,Hazelwood East,70
2025-12-29,STEAM Academy,35,Hazelwood West,68
2025-12-29,Rockwood Summit,49,Hickman,54
2025-12-29,Ste. Genevieve,69,Hillsboro,75
2025-12-29,Golden City,53,Hogan Prep Academy Charter,51
2025-12-29,St. Dominic,72,Holt,57
2025-12-29,Notre Dame (Cape Girardeau),19,Jackson,54
2025-12-29,Helias Catholic,70,Jefferson City,36
2025-12-29,Duchesne,76,Jennings,74
2025-12-29,Liberty (Wentzville),52,John Burroughs,43
2025-12-29,Platte County,37,Joplin,65
2025-12-29,St. Vincent,77,Kingston,33
2025-12-29,Couch,77,Koshkonong,32
2025-12-29,Lutie,63,Koshkonong,84
2025-12-29,South Shelby,75,La Plata,57
2025-12-29,Parkway Central,48,Ladue Horton Watkins,49
2025-12-29,Westminster Christian Academy,53,Lafayette (Wildwood),50
2025-12-29,Oran,45,Leopold,74
2025-12-29,University Academy Charter,82,Lexington,69
2025-12-29,Summit Christian Academy,51,Liberty,61
2025-12-29,Raytown,40,Liberty,43
2025-12-29,Mansfield,55,Liberty (Mountain View),56
2025-12-29,Vianney,64,Lindbergh,62
2025-12-29,Montgomery County,50,Macon,40
2025-12-29,East Carter,58,Malden,68
2025-12-29,St. Charles,49,Maplewood-Richmond Hts.,65
2025-12-29,Crane,70,Marshfield,69
2025-12-29,St. Paul Lutheran (Farmington),34,McKinley Classical Leadership,81
2025-12-29,Mercer,46,Meadville,63
2025-12-29,Parkway West,65,Mehlville,57
2025-12-29,Tuscumbia,32,Monett,40
2025-12-29,Branson,54,Nixa,72
2025-12-29,Grandview,36,Oak Park,68
2025-12-29,Mt. Vernon,44,Ozark,72
2025-12-29,Battle,66,Park Hill,45
2025-12-29,Greenwood,43,Parkview,49
2025-12-29,Lutheran South,57,Parkway North,59
2025-12-29,Ritenour,43,Parkway South,44
2025-12-29,Crossroads Prep Charter,50,Plattsburg,38
2025-12-29,West Nodaway with Nodaway-Holt,66,Pleasant Hill,34
2025-12-29,Wheaton,41,Purdy,62
2025-12-29,Penney,57,Putnam County,45
2025-12-29,Versailles,71,Raytown South,79
2025-12-29,Gateway Science Charter,62,Roosevelt,44
2025-12-29,Licking,41,Salem,72
2025-12-29,Woodland,82,Seneca,68
2025-12-29,McAuley Catholic,46,Seneca,41
2025-12-29,Holt,77,Sikeston,75
2025-12-29,Springfield Catholic,77,South Shelby,52
2025-12-29,KIPP KC Legacy,70,Southeast,72
2025-12-29,Stanberry,82,Warsaw,63
2025-12-29,Willow Springs,74,Wellsville-Middletown,73
2025-12-29,Lift for Life Academy Charter,82,Timberland,67
2025-12-29,Puxico,82,St. Clair,49
2025-12-29,Valle Catholic,58,Valley,55
2025-12-29,New Heights Christian,52,Warrenton,56
2025-12-29,Hartville,65,West Plains,38
2025-12-29,North Point,28,Whitfield,67
2025-12-29,Republic,49,Willard,57
2025-12-29,Grain Valley,69,Winnetonka,49
2025-12-30,Salem,84,Alton,75
2025-12-30,Herculaneum,48,Arcadia Valley,54
2025-12-30,Leopold,42,Bell City,47
2025-12-30,Liberty,65,Blue Springs,59
2025-12-30,Battle,53,Blue Springs South,55
2025-12-30,Liberty (Mountain View),53,Bunker,66
2025-12-30,Grandview,62,Center,48
2025-12-30,Delta,69,Chaffee,84
2025-12-30,Cameron,44,Chillicothe,53
2025-12-30,MICDS,66,Christian Brothers College,50
2025-12-30,Hazelwood East,43,Clayton,61
2025-12-30,Crane,35,Clever,47
2025-12-30,Osceola,40,Climax Springs,67
2025-12-30,Humansville,53,Crocker,60
2025-12-30,Vianney,70,De Smet Jesuit,52
2025-12-30,Stanberry,53,DeSoto,39
2025-12-30,St. Clair,36,Dexter,63
2025-12-30,Kennett,46,Doniphan,59
2025-12-30,Plattsburg,31,Drexel,55
2025-12-30,Monett,23,East Newton,40
2025-12-30,Lindbergh,41,Eureka,54
2025-12-30,Festus,67,Farmington,58
2025-12-30,Sikeston,70,Francis Howell Central,78
2025-12-30,Ste. Genevieve,43,Fredericktown,50
2025-12-30,South Pemiscot,50,Ft. Zumwalt East,56
2025-12-30,Westminster Christian Academy,51,Ft. Zumwalt South,38
2025-12-30,Hazelwood West,72,Gateway,54
2025-12-30,Republic,65,Glendale,66
2025-12-30,Fordland,60,Gloria Deo Academy,57
2025-12-30,Nixa,57,Hartville,50
2025-12-30,Parkway North,49,Hickman,51
2025-12-30,Highland,48,Higbee,56
2025-12-30,Potosi,73,Hillsboro,69
2025-12-30,St. Dominic,72,Holt,57
2025-12-30,Linn,44,Iberia,71
2025-12-30,Woodland,57,Jackson,68
2025-12-30,Kearney,67,Joplin,42
2025-12-30,Kingsville,52,King City,61
2025-12-30,Valley,65,Kingston,64
2025-12-30,Parkway South,35,Kirkwood,51
2025-12-30,Lutie,63,Koshkonong,84
2025-12-30,Liberal,46,Lafayette County,63
2025-12-30,Warrenton,69,Lexington,45
2025-12-30,Appleton City,58,Lincoln,77
2025-12-30,St. Michael the Archangel,55,Lincoln College Prep,52
2025-12-30,Willard,43,Logan-Rogersville,60
2025-12-30,Bernie,71,Malden,45
2025-12-30,Norwood,86,Mansfield,80
2025-12-30,KIPP St. Louis Sr.,62,McKinley Classical Leadership,82
2025-12-30,Troy Buchanan,61,Moberly,59
2025-12-30,Carl Junction,32,Nevada,54
2025-12-30,Jefferson (Festus),73,North County,61
2025-12-30,Liberty North,37,Oak Park,59
2025-12-30,Bolivar,42,Ozark,50
2025-12-30,Pembroke Hill,57,Park Hill,64
2025-12-30,Raytown,54,Park Hill South,64
2025-12-30,Willow Springs,43,Parkview,65
2025-12-30,Bishop LeBlond,35,Pleasant Hill,50
2025-12-30,McAuley Catholic,48,Purdy,47
2025-12-30,Van Buren,46,Puxico,56
2025-12-30,Grain Valley,68,Raytown South,47
2025-12-30,Summit Christian Academy,39,Rock Bridge,58
2025-12-30,West Nodaway with Nodaway-Holt,60,Rock Port,45
2025-12-30,North Andrew,51,Savannah,53
2025-12-30,Notre Dame (Cape Girardeau),60,Seneca,54
2025-12-30,Wheaton,63,Seneca,46
2025-12-30,Ewing Marion Kauffman,52,St. Elizabeth,27
2025-12-30,Springfield Catholic,73,Union,53
2025-12-30,Southeast,59,St. Joseph Christian,49
2025-12-30,Valle Catholic,48,St. Vincent,72
2025-12-30,North Point,46,Timberland,62
2025-12-30,Chamois,36,Tipton,42
2025-12-30,Branson,77,West Plains,45
2025-12-30,Northeast (Cairo),48,Westran,60
2025-12-30,Lift for Life Academy Charter,76,Whitfield,64
2025-12-30,Saxony Lutheran,88,Zalma,54
2025-12-31,Tri-County,30,Albany,55
2025-12-31,Stanberry,63,Arcadia Valley,59
2025-12-31,Salem,55,Carrollton,61
2025-12-31,Humansville,48,Dadeville,43
2025-12-31,Hillsboro,74,Farmington,68
2025-12-31,Potosi,73,Festus,77
2025-12-31,Jefferson (Festus),42,Fredericktown,64
2025-12-31,KIPP St. Louis Sr.,53,Gateway,85
2025-12-31,McKinley Classical Leadership,42,Hazelwood West,74
2025-12-31,Weaubleau,51,Osceola,46
2025-12-31,Thayer,34,Pattonsburg,75
2025-12-31,STEAM Academy,72,St. Paul Lutheran (Farmington),60
2026-01-01,Van-Far,60,Brunswick,75
2026-01-01,Eugene,74,Central (Springfield),59
2026-01-01,Osceola,52,Crocker,35
2026-01-01,Climax Springs,43,Dadeville,50
2026-01-01,Weaubleau,27,Humansville,21
2026-01-01,Tipton,81,Pilot Grove,51
2026-01-02,Montrose,25,Appleton City,67
2026-01-02,Billings,58,Ava,55
2026-01-02,Monroe City,43,Battle,54
2026-01-02,Eldon,62,Boonville,63
2026-01-02,Knox County,31,Bowling Green,63
2026-01-02,Chamois,30,Calvary Lutheran,72
2026-01-02,Lafayette (St. Joseph),34,Central (St. Joseph),46
2026-01-02,Moberly,52,Centralia,49
2026-01-02,Bishop LeBlond,50,Crest Ridge,46
2026-01-02,Liberal,38,Diamond,56
2026-01-02,Seneca,26,El Dorado Springs,60
2026-01-02,Ritenour,39,Eureka,56
2026-01-02,Chadwick,85,Everton,29
2026-01-02,Blair Oaks,71,Fatima,35
2026-01-02,Ft. Zumwalt West,44,Francis Howell,76
2026-01-02,Helias Catholic,73,Hannibal,48
2026-01-02,Gloria Deo Academy,29,Hartville,64
2026-01-02,North Andrew,57,Higbee,50
2026-01-02,St. Francis Borgia,75,Hillsboro,59
2026-01-02,Climax Springs,45,Humansville,20
2026-01-02,Golden City,90,Hurley,27
2026-01-02,Westran,74,Iberia,84
2026-01-02,Hillcrest,48,Kickapoo,78
2026-01-02,Northwest (Hughesville),67,La Monte,31
2026-01-02,Miami (Amoret),30,Lakeland,28
2026-01-02,Joplin,60,Lebanon,54
2026-01-02,Macks Creek,44,Leeton,51
2026-01-02,Houston,51,Licking,57
2026-01-02,Keytesville,15,Linn County,67
2026-01-02,Palmyra,62,Louisiana,44
2026-01-02,Fayette,51,Macon,64
2026-01-02,Galena,67,Marionville,51
2026-01-02,Worth County,57,Maryville,70
2026-01-02,Atlanta,89,Milan,20
2026-01-02,Montgomery County,39,Miller,51
2026-01-02,Butler,32,Nevada,61
2026-01-02,Brashear,61,Northwestern (Mendon),58
2026-01-02,Kearney,46,Park Hill South,36
2026-01-02,Cameron,63,Penney,73
2026-01-02,West Platte,53,Princeton,59
2026-01-02,Union Star,32,Rock Port,77
2026-01-02,Platte County,50,Ruskin,74
2026-01-02,Osage,62,Salem,69
2026-01-02,Lincoln,67,Schuyler County,56
2026-01-02,Marceline,47,Senath-Hornersville,56
2026-01-02,Kingsville,68,Salem,61
2026-01-02,Hermann,45,Slater,51
2026-01-02,Mound City,53,Stover,59
2026-01-02,North Shelby,61,South Shelby,55
2026-01-02,DeLaSalle Charter (KC),30,Southeast,63
2026-01-02,California,32,St. James,64
2026-01-02,Pilot Grove,60,Willard,58
2026-01-02,Christian Fellowship Sr.,54,Tipton,81
2026-01-02,Conway,55,Tuscumbia,76
2026-01-02,South Pemiscot,70,Van-Far,59
2026-01-02,Ft. Zumwalt East,53,Veritas Christian Academy,46
2026-01-02,Southern Boone,76,Versailles,45
2026-01-02,Lawson,24,Warsaw,29
2026-01-02,New Haven,41,Washington,72
2026-01-02,Republic,61,Waynesville,41
2026-01-02,Tarkio with Fairfax,46,West Nodaway with Nodaway-Holt,52
2026-01-02,Richland,41,Wheatland,76
2026-01-03,Valley Park,111,Bourbon,20
2026-01-03,Lutheran (Kansas City),22,Calvary Lutheran,55
2026-01-03,Sherwood,44,Clinton,65
2026-01-03,Highland,44,Clopton,57
2026-01-03,North Platte,74,Crest Ridge,59
2026-01-03,Monroe City,59,Elsberry,27
2026-01-03,Marquette,72,Francis Howell Central,85
2026-01-03,Warrensburg,28,Glendale,74
2026-01-03,Vienna,48,Grandview (Hillsboro),30
2026-01-03,Lincoln,48,Harrisburg,45
2026-01-03,Soldan International Studies,27,Hazelwood Central,47
2026-01-03,McKinley Classical Leadership,47,Hazelwood West,80
2026-01-03,John Burroughs,56,Hickman,57
2026-01-03,Weaubleau,54,Higbee,57
2026-01-03,Bishop LeBlond,69,Lathrop,39
2026-01-03,Willard,28,Lincoln,53
2026-01-03,Kirksville,61,Marshall,52
2026-01-03,Webster Groves,70,Miller Career Academy,65
2026-01-03,Newburg,65,New Haven,52
2026-01-03,Hallsville,64,North Callaway,37
2026-01-03,Central (Kansas City),38,North Kansas City,81
2026-01-03,Rock Bridge,58,Oak Park,49
2026-01-03,St. Dominic,68,Priory,50
2026-01-03,Wheatland,56,Van-Far,67
2026-01-03,St. Pius X (Kansas City),72,Winnetonka,69
2026-01-05,Chaffee,58,Advance,50
2026-01-05,Clearwater,47,Arcadia Valley,81
2026-01-05,Spokane,76,Bradleyville,65
2026-01-05,Lathrop,34,Braymer,63
2026-01-05,Clever,54,Buffalo,45
2026-01-05,Couch,81,Cabool,63
2026-01-05,Linn,20,California,57
2026-01-05,Lamar,39,Carl Junction,78
2026-01-05,Sikeston,82,Caruthersville,43
2026-01-05,Portageville,52,Central (New Madrid County),62
2026-01-05,Bowling Green,58,Centralia,57
2026-01-05,Miller Career Academy,76,Chaminade College Prep,96
2026-01-05,Green Ridge,59,Chilhowee,26
2026-01-05,Miller,79,Conway,32
2026-01-05,Montgomery County,51,Duchesne,59
2026-01-05,Cameron,48,Excelsior Springs,50
2026-01-05,El Dorado Springs,77,Fair Grove,69
2026-01-05,Laquey,69,Fair Play,25
2026-01-05,Lawson,60,Hardin-Central,55
2026-01-05,Kirksville,45,Highland,35
2026-01-05,Prairie Home,26,Leeton,63
2026-01-05,Richland,36,Macks Creek,64
2026-01-05,Marshall,70,Macon,67
2026-01-05,Columbia Independent,55,Madison,23
2026-01-05,Campbell,66,Naylor,62
2026-01-05,Belle,73,New Bloomfield,40
2026-01-05,Center,99,Northeast (Kansas City),36
2026-01-05,Montrose,29,Northeast Vernon County,63
2026-01-05,Seckman,64,Northwest (Cedar Hill),42
2026-01-05,Plattsburg,47,Odessa,81
2026-01-05,Windsor (Imperial),52,Perryville,36
2026-01-05,Lafayette County,53,Sacred Heart,38
2026-01-05,Gloria Deo Academy,71,Sarcoxie,48
2026-01-05,Concordia,56,Smithton,15
2026-01-05,Pacific,28,Southern Boone,47
2026-01-05,Westminster Christian Academy,64,St. Francis Borgia,32
2026-01-05,Tuscumbia,48,Thomas Jefferson Independent Day,59
2026-01-05,Crystal City,54,Veritas Christian Academy,60
2026-01-05,Fordland,58,Walnut Grove,43
2026-01-05,Richmond,42,Warrensburg,84
2026-01-05,St. Charles,60,Warrenton,48
2026-01-05,Hermann,42,Washington,40
2026-01-05,SLUH,62,Webster Groves,83
2026-01-06,Drexel,49,Appleton City,46
2026-01-06,Billings,69,Ash Grove,39
2026-01-06,Green City,61,Atlanta,69
2026-01-06,Cassville,59,Aurora,56
2026-01-06,Windsor,61,Ballard,44
2026-01-06,Maplewood-Richmond Hts.,43,Bayless,41
2026-01-06,Zalma,30,Bell City,92
2026-01-06,Iberia,46,Belle,71
2026-01-06,Northland Christian,22,Bishop LeBlond,44
2026-01-06,New Haven,55,Bismarck,48
2026-01-06,Marquand-Zion,52,Bloomfield,65
2026-01-06,Lee's Summit West,71,Blue Springs,61
2026-01-06,Clinton,39,Bolivar,67
2026-01-06,Grandview,69,Bourbon,34
2026-01-06,Fair Play,49,Bradleyville,81
2026-01-06,Waynesville,43,Branson,77
2026-01-06,Marion County,61,Brashear,55
2026-01-06,Norborne,26,Braymer,94
2026-01-06,Golden City,88,Bronaugh,31
2026-01-06,Worth County,31,Brunswick,72
2026-01-06,Pilot Grove,70,Bunceton,27
2026-01-06,Hume,30,Butler,71
2026-01-06,Savannah,60,Camdenton,54
2026-01-06,Rock Bridge,63,Capital City,62
2026-01-06,Malden,77,Caruthersville,82
2026-01-06,Ewing Marion Kauffman,42,Center,47
2026-01-06,East Prairie,61,Central (New Madrid County),52
2026-01-06,Valley,73,Central (Park Hills),54
2026-01-06,Carthage,72,Central (Springfield),60
2026-01-06,Harrisburg,54,Centralia,64
2026-01-06,Miller Career Academy,76,Chaminade College Prep,96
2026-01-06,Highland,55,Clark County,58
2026-01-06,Bernie,74,Clarkton,33
2026-01-06,Northeast Vernon County,54,Climax Springs,62
2026-01-06,Sarcoxie,70,Cole Camp,44
2026-01-06,Sarcoxie,79,Conway,49
2026-01-06,Van Buren,85,Couch,50
2026-01-06,Chamois,36,Crocker,81
2026-01-06,Wheatland,45,Dadeville,47
2026-01-06,Advance,63,Delta,75
2026-01-06,Purdy,28,Diamond,49
2026-01-06,Alton,85,Dora,44
2026-01-06,Gallatin,60,East Buchanan,44
2026-01-06,McDonald County,44,East Newton,60
2026-01-06,East Carter,81,Ellington,35
2026-01-06,Clopton,60,Elsberry,52
2026-01-06,Hartville,58,Fair Grove,42
2026-01-06,Jackson,80,Farmington,56
2026-01-06,California,43,Fatima,67
2026-01-06,Christian Fellowship Sr.,59,Fayette,49
2026-01-06,DeSoto,25,Festus,55
2026-01-06,Hillcrest,61,Forsyth,55
2026-01-06,Cardinal Ritter,59,Francis Howell,57
2026-01-06,Ft. Zumwalt West,63,Francis Howell Central,87
2026-01-06,Holt,42,Ft. Zumwalt South,48
2026-01-06,Mexico,56,Fulton,49
2026-01-06,Blue Eye,52,Gainesville,43
2026-01-06,Waynesville,72,Gateway,24
2026-01-06,South Shelby,47,Glasgow,73
2026-01-06,Parkview,61,Glendale,57
2026-01-06,Ruskin,24,Grain Valley,52
2026-01-06,Excelsior Springs,42,Grandview,84
2026-01-06,Bourbon,34,Grandview (Hillsboro),69
2026-01-06,Moberly,47,Hallsville,62
2026-01-06,Brentwood,32,Hancock,57
2026-01-06,Neelyville,36,Hayti,69
2026-01-06,Hazelwood East,67,Hazelwood West,61
2026-01-06,Humansville,38,Hermitage,57
2026-01-06,Eldon,63,Holden,42
2026-01-06,Halfway,78,Hurley,16
2026-01-06,New Franklin,63,Jamestown,30
2026-01-06,Kingston,36,Jefferson (Festus),85
2026-01-06,Battle,60,Jefferson City,42
2026-01-06,John Burroughs,68,Jennings,76
2026-01-06,Raytown South,53,Kearney,42
2026-01-06,Charleston,80,Kelly,36
2026-01-06,Willard,33,Kickapoo,76
2026-01-06,Albany,41,King City,70
2026-01-06,La Monte,21,Kingsville,73
2026-01-06,Barstow,63,KIPP KC Legacy,46
2026-01-06,Parkway West,34,Kirkwood,59
2026-01-06,Willard,28,Knob Noster,60
2026-01-06,Liberty (Wentzville),33,Lafayette (Wildwood),50
2026-01-06,Wellington-Napoleon,23,Lafayette County,57
2026-01-06,Adrian,50,Lamar,76
2026-01-06,Blue Springs South,66,Lee's Summit,65
2026-01-06,Campbell,40,Leopold,56
2026-01-06,St. Paul Lutheran (Concordia),62,Lexington,59
2026-01-06,Rich Hill,61,Liberal,69
2026-01-06,North Kansas City,56,Liberty,33
2026-01-06,Willow Springs,64,Licking,52
2026-01-06,Warsaw,26,Lincoln,60
2026-01-06,Paseo Academy,35,Lincoln College Prep,72
2026-01-06,Eureka,56,Lindbergh,49
2026-01-06,Tri-County,45,Linn County,71
2026-01-06,Hollister,31,Logan-Rogersville,70
2026-01-06,Wright City,40,Louisiana,58
2026-01-06,Ava,69,Mansfield,67
2026-01-06,Meadville,63,Marceline,55
2026-01-06,Winfield,72,Mark Twain,34
2026-01-06,West Platte,48,Maryville,51
2026-01-06,Trenton,45,Maysville,71
2026-01-06,Lift for Life Academy Charter,52,McCluer North,42
2026-01-06,Princeton,69,Mercer,38
2026-01-06,Penney,30,Mid-Buchanan,71
2026-01-06,Archie,67,Midway,25
2026-01-06,St. Elizabeth,84,Milan,34
2026-01-06,Soldan International Studies,28,Miller Career Academy,61
2026-01-06,Seneca,35,Monett,68
2026-01-06,Canton,40,Monroe City,58
2026-01-06,St. James,58,Mound City,66
2026-01-06,Mt. Vernon,37,Nevada,44
2026-01-06,Galena,102,New Covenant Academy,70
2026-01-06,Everton,46,Niangua,54
2026-01-06,Webb City,49,Nixa,62
2026-01-06,Worth County,57,North Andrew,64
2026-01-06,Vienna,60,North Harrison,56
2026-01-06,Novinger,27,North Shelby,63
2026-01-06,Schuyler County,62,Northeast (Cairo),53
2026-01-06,Seneca,86,Oak Ridge,28
2026-01-06,North Point,53,Orchard Farm,79
2026-01-06,Scott County Central,44,Orrick,67
2026-01-06,St. James,40,Osage,66
2026-01-06,Lutheran (Kansas City),72,Otterville,61
2026-01-06,Republic,44,Ozark,49
2026-01-06,Ladue Horton Watkins,56,Parkway Central,59
2026-01-06,Mehlville,53,Parkway South,59
2026-01-06,St. Joseph Christian,38,Pattonsburg,62
2026-01-06,Lockwood,17,Pierce City,34
2026-01-06,Cabool,57,Plato,49
2026-01-06,Putnam County,70,Polo,34
2026-01-06,Holcomb,53,Portageville,59
2026-01-06,MICDS,70,Priory,43
2026-01-06,Doniphan,56,Puxico,73
2026-01-06,Liberty North,60,Raymore-Peculiar,54
2026-01-06,Belton,57,Raytown,61
2026-01-06,North Nodaway,29,Rock Port,61
2026-01-06,Oakville,52,Rockwood Summit,83
2026-01-06,Marshfield,78,Rolla,91
2026-01-06,Fordland,65,School of the Ozarks,35
2026-01-06,La Plata,62,Schuyler County,58
2026-01-06,Smithton,28,Salem,70
2026-01-06,North Callaway,67,Slater,73
2026-01-06,Bunker,54,Stanberry,50
2026-01-06,Risco,63,Summersville,72
2026-01-06,Owensville,36,Southern Boone,58
2026-01-06,Crane,61,Tuscumbia,31
2026-01-06,Mountain Grove,69,Union,74
2026-01-06,Believe Acad Charter,23,St. Clair,70
2026-01-06,Vianney,64,St. Dominic,57
2026-01-06,Lesterville,48,St. Paul Lutheran (Farmington),43
2026-01-06,Lee's Summit North,57,Staley,70
2026-01-06,Marionville,34,Wellsville-Middletown,41
2026-01-06,Versailles,75,Westran,67
2026-01-06,Norwood,69,Winona,68
2026-01-06,Cuba,37,Webb City,61
2026-01-06,Lone Jack,41,Summit Christian Academy,78
2026-01-06,Metro,40,West Plains,62
2026-01-06,Union Star,24,Tarkio with Fairfax,79
2026-01-06,Jasper,41,Thomas Jefferson Independent Day,55
2026-01-06,Washington,64,Timberland,61
2026-01-06,Hannibal,62,Troy Buchanan,64
2026-01-06,Senath-Hornersville,50,St. Clair,58
2026-01-06,Dixon,65,Union,68
2026-01-06,Potosi,83,Valle Catholic,45
2026-01-06,Vienna,55,Valley Park,71
2026-01-06,Oak Grove,29,Versailles,61
2026-01-06,Osceola,46,Weaubleau,52
2026-01-06,Northeast Nodaway,34,West Nodaway with Nodaway-Holt,52
2026-01-06,Salem,42,West Plains,69
2026-01-06,Community,37,Westran,62
2026-01-06,Central (Kansas City),60,William Chrisman,74
2026-01-06,Richland (Essex),62,Woodland,93
2026-01-07,Lutheran North,67,Bayless,52
2026-01-07,Columbia Independent,77,Bevier,60
2026-01-07,Whitfield,96,Bishop DuBourg,30
2026-01-07,Hickman,61,Boonville,51
2026-01-07,Veritas Christian Academy,49,Brentwood,52
2026-01-07,Prairie Home,78,Chilhowee,46
2026-01-07,Concordia,27,Crest Ridge,64
2026-01-07,STEAM Academy,32,Duchesne,66
2026-01-07,St. Charles,62,Fort Osage,51
2026-01-07,Windsor (Imperial),80,Fox,64
2026-01-07,Seckman,74,Francis Howell North,85
2026-01-07,Guadalupe Centers Charter,31,Frontier School of Excellence Charter,66
2026-01-07,Leeton,47,Green Ridge,43
2026-01-07,De Smet Jesuit,78,Helias Catholic,42
2026-01-07,Clark County,46,Kirksville,63
2026-01-07,Archie,59,Lakeland,22
2026-01-07,Westminster Christian Academy,78,Lutheran South,56
2026-01-07,North Platte,80,Maysville,61
2026-01-07,Sweet Springs,70,North Pemiscot,51
2026-01-07,Parkway North,72,North Point,55
2026-01-07,Marshall,81,Odessa,67
2026-01-07,Pacific,52,Owensville,49
2026-01-07,Crystal City,47,Perryville,55
2026-01-07,Plattsburg,20,Savannah,49
2026-01-07,Hillsboro,51,St. Charles West,44
2026-01-07,Valle Catholic,61,St. Vincent,70
2026-01-07,Lawson,61,Trenton,56
2026-01-07,St. Michael the Archangel,75,Warrensburg,50
2026-01-07,Lafayette (St. Joseph),45,Winnetonka,73
2026-01-08,Butler,40,Adrian,57
2026-01-08,Winona,51,Bakersfield,70
2026-01-08,Sherwood,46,Ballard,55
2026-01-08,Chamois,29,Belle,83
2026-01-08,Chillicothe,40,Bishop LeBlond,34
2026-01-08,Rockhurst,62,Blue Springs,57
2026-01-08,Mexico,66,Bowling Green,44
2026-01-08,Senath-Hornersville,67,Brashear,48
2026-01-08,New Franklin,56,Brunswick,76
2026-01-08,Poplar Bluff,66,Carl Junction,69
2026-01-08,Northeast (Cairo),49,Carrollton,59
2026-01-08,Affton,38,Clayton,94
2026-01-08,South Pemiscot,52,Clopton,56
2026-01-08,Willard,53,Cole Camp,59
2026-01-08,Fayette,51,Community,39
2026-01-08,Eminence,52,Couch,62
2026-01-08,Oran,53,Delta,74
2026-01-08,Pacific,56,Dixon,70
2026-01-08,Gainesville,77,Dora,40
2026-01-08,Warsaw,32,El Dorado Springs,64
2026-01-08,Versailles,54,Eldon,57
2026-01-08,Clearwater,72,Ellington,61
2026-01-08,Lockwood,71,Everton,42
2026-01-08,Joplin,51,Francis Howell,58
2026-01-08,Ft. Zumwalt West,65,Ft. Zumwalt North,61
2026-01-08,Metro,42,Gateway,82
2026-01-08,Meadville,49,Glasgow,71
2026-01-08,Smithville,29,Hartville,36
2026-01-08,Cooter,62,Hayti,70
2026-01-08,Hazelwood Central,72,Hazelwood West,71
2026-01-08,William Chrisman,54,Hillcrest,83
2026-01-08,Westran,80,Holden,76
2026-01-08,Drexel,62,Hume,19
2026-01-08,School of the Ozarks,65,Hurley,31
2026-01-08,Worth County,43,Jamestown,29
2026-01-08,Raytown,47,Kearney,58
2026-01-08,Lutheran (Kansas City),36,Kingsville,50
2026-01-08,Sarcoxie,45,Knob Noster,60
2026-01-08,Otterville,56,La Monte,40
2026-01-08,Alton,58,Liberty (Mountain View),72
2026-01-08,Thayer,56,Licking,58
2026-01-08,Winfield,39,Louisiana,51
2026-01-08,St. Pius X (Festus),56,Lutheran St. Charles,73
2026-01-08,Exeter,57,Lutie,68
2026-01-08,South Shelby,67,Marceline,50
2026-01-08,Jasper,70,Marion C. Early,58
2026-01-08,Wright City,58,Mark Twain,50
2026-01-08,Naylor,68,Marquand-Zion,73
2026-01-08,Lafayette (St. Joseph),42,Maryville,51
2026-01-08,University City,62,McCluer,42
2026-01-08,Pattonsburg,69,Mercer,58
2026-01-08,Gloria Deo Academy,44,Miller,59
2026-01-08,Humansville,54,Niangua,30
2026-01-08,New Bloomfield,50,North Callaway,63
2026-01-08,Atlanta,38,North Shelby,49
2026-01-08,Central (New Madrid County),53,Notre Dame (Cape Girardeau),73
2026-01-08,Clinton,63,Odessa,56
2026-01-08,Father Tolton,50,Orchard Farm,72
2026-01-08,Oakville,57,Pattonville,83
2026-01-08,Brookfield,49,Penney,75
2026-01-08,Halfway,68,Pleasant Hope,39
2026-01-08,Clarkton,60,Portageville,49
2026-01-08,South Callaway,62,Rich Hill,71
2026-01-08,Gideon,62,Richland (Essex),70
2026-01-08,Bell City,65,Risco,74
2026-01-08,Lexington,88,Scott County Central,52
2026-01-08,Liberal,36,Seneca,42
2026-01-08,Union,42,Southern Boone,62
2026-01-08,Polo,84,Thayer,29
2026-01-08,McAuley Catholic,41,Tuscumbia,36
2026-01-08,Laquey,59,Spokane,55
2026-01-08,Hermann,46,St. Clair,42
2026-01-08,Maryville,47,STEAM Academy,37
2026-01-08,Lincoln,54,Tipton,57
2026-01-08,Raytown South,65,Versailles,53
2026-01-08,SLUH,41,Vianney,47
2026-01-08,Northwest (Hughesville),55,Wellington-Napoleon,51
2026-01-08,Keytesville,25,Wellsville-Middletown,50
2026-01-08,Christian Fellowship Sr.,52,Westran,59
2026-01-08,Weaubleau,36,Wheatland,64
2026-01-09,St. Joseph Christian,40,Albany,57
2026-01-09,Osceola,35,Archie,69
2026-01-09,Senath-Hornersville,88,Atlanta,80
2026-01-09,Nevada,75,Aurora,45
2026-01-09,Reeds Spring,41,Ava,57
2026-01-09,Northeast Vernon County,57,Ballard,36
2026-01-09,Ewing Marion Kauffman,37,Barstow,41
2026-01-09,Boonville,60,Battle,88
2026-01-09,Affton,46,Bayless,60
2026-01-09,Chaffee,64,Bell City,52
2026-01-09,Branson,40,Benton,54
2026-01-09,Advance,47,Bernie,44
2026-01-09,McAuley Catholic,42,Billings,59
2026-01-09,Gateway,78,Bishop DuBourg,41
2026-01-09,Bourbon,24,Bismarck,65
2026-01-09,Winona,59,Blair Oaks,76
2026-01-09,Marionville,35,Blue Eye,42
2026-01-09,Sarcoxie,58,Bradleyville,53
2026-01-09,Grundy County with Newtown-Harris,37,Braymer,67
2026-01-09,KIPP St. Louis Sr.,58,Brentwood,63
2026-01-09,Gallatin,73,Brookfield,30
2026-01-09,Holcomb,38,Campbell,63
2026-01-09,Schuyler County,70,Canton,71
2026-01-09,Glendale,66,Carthage,46
2026-01-09,Liberty,53,Central (St. Joseph),41
2026-01-09,Mexico,43,Centralia,46
2026-01-09,De Smet Jesuit,65,Chaminade College Prep,63
2026-01-09,La Monte,41,Chilhowee,39
2026-01-09,Stanberry,75,Clearwater,28
2026-01-09,Galena,53,Clever,61
2026-01-09,Westran,72,Cole Camp,62
2026-01-09,Believe Acad Charter,11,Confluence Prep Academy Charter,89
2026-01-09,Fair Play,30,Conway,46
2026-01-09,Lone Jack,33,Crest Ridge,36
2026-01-09,Hermitage,52,Dadeville,57
2026-01-09,Cooter,77,Delta (Deering),43
2026-01-09,Central (Cape Girardeau),39,Dexter,59
2026-01-09,Lakeland,30,Drexel,55
2026-01-09,Plattsburg,42,East Buchanan,51
2026-01-09,Lamar,51,East Newton,55
2026-01-09,Portageville,31,East Prairie,38
2026-01-09,Marquette,69,Eureka,62
2026-01-09,Lutie,68,Everton,67
2026-01-09,Winnetonka,49,Excelsior Springs,17
2026-01-09,School of the Ozarks,70,Exeter,21
2026-01-09,Northland Christian,43,Faith Christian Academy,64
2026-01-09,Ste. Genevieve,55,Farmington,81
2026-01-09,New Covenant Academy,64,Fordland,93
2026-01-09,Sparta,59,Fort Osage,54
2026-01-09,Hillcrest,66,Francis Howell,50
2026-01-09,Troy Buchanan,62,Francis Howell Central,75
2026-01-09,Central (Park Hills),54,Fredericktown,105
2026-01-09,Ft. Zumwalt East,52,Ft. Zumwalt North,47
2026-01-09,Belton,45,Grain Valley,63
2026-01-09,New Haven,51,Grandview (Hillsboro),36
2026-01-09,North Shelby,41,Green City,56
2026-01-09,Hume,14,Greenfield,52
2026-01-09,Mansfield,54,Greenwood,64
2026-01-09,California,47,Hallsville,60
2026-01-09,Maplewood-Richmond Hts.,78,Hancock,37
2026-01-09,Marshall,72,Hannibal,69
2026-01-09,St. Michael the Archangel,52,Harrisonville,66
2026-01-09,Monroe City,42,Helias Catholic,66
2026-01-09,Cuba,32,Hermann,40
2026-01-09,Capital City,60,Hickman,70
2026-01-09,Willard,55,Holden,60
2026-01-09,Wright City,32,Houston,62
2026-01-09,Miami (Amoret),45,Humansville,36
2026-01-09,Kennett,27,Jackson,72
2026-01-09,Golden City,86,Jasper,70
2026-01-09,Festus,54,Jefferson (Festus),63
2026-01-09,Eugene,49,Jefferson City,52
2026-01-09,Riverview Gardens,67,Jennings,100
2026-01-09,William Chrisman,45,Joplin,73
2026-01-09,Princeton,44,King City,43
2026-01-09,Valley,52,Kingston,54
2026-01-09,Crossroads Prep Charter,33,KIPP KC Legacy,69
2026-01-09,Linn County,35,La Plata,54
2026-01-09,Lafayette (Wildwood),69,Ladue Horton Watkins,77
2026-01-09,Clinton,63,Lafayette County,70
2026-01-09,Lathrop,50,Lawson,65
2026-01-09,Lee's Summit North,48,Lee's Summit,66
2026-01-09,Raymore-Peculiar,58,Lee's Summit West,42
2026-01-09,Ellington,68,Lesterville,69
2026-01-09,Midway,28,Liberal,52
2026-01-09,Francis Howell North,58,Liberty (Wentzville),54
2026-01-09,Staley,58,Liberty North,37
2026-01-09,Rich Hill,46,Lockwood,59
2026-01-09,Principia,75,Lutheran South,40
2026-01-09,Walnut Grove,58,Macks Creek,66
2026-01-09,Summersville,52,Malden,55
2026-01-09,Ash Grove,69,Marion C. Early,49
2026-01-09,Novinger,43,Marion County,41
2026-01-09,Thayer,57,Marshfield,67
2026-01-09,Hazelwood Central,48,McCluer North,63
2026-01-09,Cassville,43,McDonald County,67
2026-01-09,Gateway Science Charter,38,McKinley Classical Leadership,75
2026-01-09,Ritenour,64,Mehlville,51
2026-01-09,Lutheran North,53,MICDS,64
2026-01-09,Harrisburg,47,Moberly,49
2026-01-09,St. Francis Borgia,57,Montgomery County,47
2026-01-09,Bronaugh,38,Montrose,47
2026-01-09,Monett,45,Mt. Vernon,48
2026-01-09,Naylor,65,Neelyville,68
2026-01-09,Lebanon,54,Neosho,73
2026-01-09,Norwood,48,New Heights Christian,45
2026-01-09,Valley Park,68,Newburg,70
2026-01-09,Crocker,86,Niangua,60
2026-01-09,Orrick,62,Norborne,31
2026-01-09,Pattonsburg,54,North Andrew,62
2026-01-09,Potosi,62,North County,56
2026-01-09,DeKalb,38,North Nodaway,63
2026-01-09,Rock Port,64,Northeast Nodaway,34
2026-01-09,Clayton,64,Northwest (Cedar Hill),29
2026-01-09,Linn,46,Northwest (Hughesville),41
2026-01-09,Thayer,31,Northwestern (Mendon),78
2026-01-09,Center,74,Oak Grove,44
2026-01-09,Meadow Heights,70,Oran,77
2026-01-09,Bolivar,70,Osage,63
2026-01-09,Prairie Home,54,Otterville,67
2026-01-09,Park Hill South,48,Park Hill,47
2026-01-09,Kickapoo,79,Parkview,35
2026-01-09,Rockwood Summit,50,Parkway North,54
2026-01-09,North Point,28,Parkway South,58
2026-01-09,Parkway Central,47,Parkway West,42
2026-01-09,Northeast (Kansas City),73,Paseo Academy,76
2026-01-09,DeSoto,33,Perryville,45
2026-01-09,Thomas Jefferson Independent Day,35,Pierce City,51
2026-01-09,Smithton,53,Pilot Grove,90
2026-01-09,St. Charles,55,Platte County,53
2026-01-09,Richmond,41,Pleasant Hill,66
2026-01-09,Plato,62,Pleasant Hope,74
2026-01-09,Webb City,51,Poplar Bluff,46
2026-01-09,John Burroughs,41,Priory,42
2026-01-09,Crane,55,Purdy,22
2026-01-09,Milan,14,Putnam County,80
2026-01-09,Bloomfield,44,Puxico,59
2026-01-09,Nixa,51,Republic,39
2026-01-09,Licking,79,Richland,36
2026-01-09,Ruskin,27,Rockhurst,74
2026-01-09,Salem,65,Sacred Heart,61
2026-01-09,Cameron,41,Savannah,67
2026-01-09,Leopold,51,Saxony Lutheran,35
2026-01-09,Delta,39,Seneca,69
2026-01-09,Oak Ridge,61,Scott County Central,69
2026-01-09,Lindbergh,63,Seckman,45
2026-01-09,Diamond,55,Seneca,49
2026-01-09,Forsyth,64,Smithville,54
2026-01-09,Appleton City,46,South Callaway,39
2026-01-09,Charleston,65,Sikeston,84
2026-01-09,Wellsville-Middletown,60,South Shelby,59
2026-01-09,Rock Bridge,61,Savannah,35
2026-01-09,Belle,56,Slater,38
2026-01-09,Stover,55,St. James,58
2026-01-09,Holt,63,St. Charles,48
2026-01-09,Christian Brothers College,48,St. Dominic,69
2026-01-09,Iberia,53,Van-Far,69
2026-01-09,Warsaw,41,St. James,51
2026-01-09,Warsaw,26,St. Paul Lutheran (Concordia),53
2026-01-09,Summit Christian Academy,65,St. Pius X (Kansas City),55
2026-01-09,Crystal City,37,St. Vincent,68
2026-01-09,Salem,63,Webb City,36
2026-01-09,Van-Far,70,Tipton,60
2026-01-09,Doniphan,49,St. Clair,46
2026-01-09,Mound City,56,Union Star,42
2026-01-09,Academie Lafayette,50,University Academy Charter,55
2026-01-09,East Carter,62,Van Buren,87
2026-01-09,St. Charles West,42,Warrenton,35
2026-01-09,Ft. Zumwalt South,57,Washington,45
2026-01-09,Fox,66,Waynesville,72
2026-01-09,Kirkwood,46,Webster Groves,66
2026-01-09,Madison,38,Wellsville-Middletown,30
2026-01-09,Valle Catholic,42,West County,39
2026-01-09,North Platte,53,West Platte,50
2026-01-09,Ozark,56,Willard,41
2026-01-09,Hollister,34,Willow Springs,72
2026-01-09,Concordia,39,Windsor,53
2026-01-09,Hillsboro,48,Windsor (Imperial),62
2026-01-09,Kelly,56,Woodland,88
2026-01-09,Vienna,42,Worth County,51
2026-01-10,Licking,86,Alton,64
2026-01-10,Branson,40,Benton,54
2026-01-10,Mountain Grove,52,Bunker,53
2026-01-10,Francis Howell,64,Carl Junction,54
2026-01-10,South Shelby,55,Carrollton,69
2026-01-10,St. Vincent,61,Caruthersville,70
2026-01-10,Jamestown,56,Community,38
2026-01-10,Ava,71,Fair Grove,56
2026-01-10,Worth County,41,Fayette,39
2026-01-10,Schuyler County,34,Glasgow,46
2026-01-10,Lutheran (Kansas City),45,Green Ridge,48
2026-01-10,Timberland,62,John Burroughs,73
2026-01-10,Webb City,41,Joplin,47
2026-01-10,Leeton,33,Kingsville,44
2026-01-10,Palmyra,37,Kirksville,31
2026-01-10,Eldon,53,Knob Noster,39
2026-01-10,Chaminade College Prep,62,Logan-Rogersville,57
2026-01-10,Clopton,37,Louisiana,55
2026-01-10,Northeast (Cairo),70,Marceline,50
2026-01-10,Laquey,52,Miller,72
2026-01-10,Father Tolton,43,Miller Career Academy,68
2026-01-10,Monroe City,53,Moberly,57
2026-01-10,Savannah,64,Mound City,48
2026-01-10,Christian Fellowship Sr.,54,New Franklin,49
2026-01-10,William Chrisman,47,Poplar Bluff,49
2026-01-10,Gainesville,70,Reeds Spring,53
2026-01-10,Benton,73,Rolla,65
2026-01-10,Versailles,52,Sarcoxie,54
2026-01-10,Winfield,51,South Pemiscot,56
2026-01-10,Gloria Deo Academy,60,Spokane,52
2026-01-10,Brunswick,58,Westran,64
2026-01-12,Montrose,25,Appleton City,64
2026-01-12,Springfield Catholic,87,Aurora,72
2026-01-12,Fair Grove,42,Bakersfield,60
2026-01-12,Crocker,50,Belle,103
2026-01-12,Northwestern (Mendon),45,Brunswick,72
2026-01-12,Lincoln,63,Bunceton,22
2026-01-12,Monett,62,Cassville,51
2026-01-12,Lathrop,26,Chillicothe,63
2026-01-12,Oakville,58,Clayton,87
2026-01-12,Weaubleau,40,Climax Springs,44
2026-01-12,Savannah,66,Clinton,55
2026-01-12,Concordia,53,Cole Camp,45
2026-01-12,St. Paul Lutheran (Farmington),64,Crystal City,49
2026-01-12,New Haven,74,Cuba,68
2026-01-12,Smithville,65,Dora,20
2026-01-12,Brentwood,46,Duchesne,53
2026-01-12,Van-Far,57,Elsberry,43
2026-01-12,Whitfield,50,Eureka,71
2026-01-12,West Platte,48,Excelsior Springs,40
2026-01-12,Hurley,46,Fair Play,67
2026-01-12,Priory,56,Francis Howell Central,77
2026-01-12,Lutheran North,77,Francis Howell North,65
2026-01-12,Lindbergh,66,Ft. Zumwalt West,45
2026-01-12,Norborne,32,Hardin-Central,76
2026-01-12,Caruthersville,55,Hayti,74
2026-01-12,Westran,82,Hermitage,78
2026-01-12,North Pemiscot,31,Holcomb,76
2026-01-12,South Shelby,62,Humansville,32
2026-01-12,North Nodaway,18,King City,64
2026-01-12,Osceola,48,Lakeland,28
2026-01-12,Richmond,53,Lawson,61
2026-01-12,Wheatland,67,Macks Creek,52
2026-01-12,Hallsville,71,Macon,49
2026-01-12,Linn County,63,Madison,52
2026-01-12,Milan,16,Marceline,73
2026-01-12,South Pemiscot,80,Mark Twain,41
2026-01-12,Union Star,26,Maysville,73
2026-01-12,Neosho,61,McDonald County,55
2026-01-12,St. Elizabeth,69,Mercer,41
2026-01-12,Delta (Deering),56,Naylor,64
2026-01-12,Vienna,39,North Andrew,50
2026-01-12,Jamestown,48,Otterville,61
2026-01-12,Lift for Life Academy Charter,54,Parkway North,63
2026-01-12,Guadalupe Centers Charter,15,Paseo Academy,72
2026-01-12,Polo,50,Pattonsburg,61
2026-01-12,St. Charles,54,Pattonville,66
2026-01-12,Park Hill,80,Pembroke Hill,84
2026-01-12,Fayette,61,Pilot Grove,63
2026-01-12,Warsaw,55,Potosi,54
2026-01-12,Campbell,41,Risco,63
2026-01-12,Belton,67,Ruskin,57
2026-01-12,Cooter,86,Scott County Central,58
2026-01-12,Crane,50,Seneca,16
2026-01-12,Tarkio with Fairfax,49,St. James,37
2026-01-12,Central (Park Hills),53,St. Clair,84
2026-01-12,Believe Acad Charter,22,Webster Groves,75
2026-01-12,Greenwood,62,Wellsville-Middletown,40
2026-01-12,Linn,67,Webb City,64
2026-01-12,Novinger,43,Trenton,50
2026-01-12,Clearwater,49,Van Buren,114
2026-01-12,School of the Ozarks,70,Verona,31
2026-01-12,St. Francis Borgia,61,Washington,43
2026-01-12,Marion County,62,Wellsville-Middletown,24
2026-01-12,Confluence Prep Academy Charter,45,Westminster Christian Academy,77
2026-01-12,Veritas Christian Academy,40,Winfield,63
2026-01-13,Pacific,67,Affton,48
2026-01-13,Stover,56,Albany,55
2026-01-13,Ste. Genevieve,65,Arcadia Valley,45
2026-01-13,La Plata,48,Atlanta,59
2026-01-13,Forsyth,82,Ava,53
2026-01-13,Chilhowee,33,Ballard,47
2026-01-13,Christian Fellowship Sr.,53,Battle,65
2026-01-13,Hancock,22,Bayless,60
2026-01-13,Dixon,66,Belle,68
2026-01-13,KIPP KC Legacy,36,Benton,87
2026-01-13,Meadville,62,Bevier,29
2026-01-13,Dexter,61,Bloomfield,25
2026-01-13,Pleasant Hope,35,Blue Eye,67
2026-01-13,Liberty North,77,Blue Springs,84
2026-01-13,Lee's Summit North,48,Blue Springs South,55
2026-01-13,Laquey,80,Bourbon,29
2026-01-13,North Harrison,52,Braymer,72
2026-01-13,Koshkonong,43,Cabool,52
2026-01-13,Capital City,69,California,39
2026-01-13,Waynesville,47,Camdenton,36
2026-01-13,Gallatin,65,Cameron,44
2026-01-13,Portageville,30,Campbell,57
2026-01-13,Bernie,55,Caruthersville,54
2026-01-13,Marshall,57,Central (Kansas City),58
2026-01-13,Charleston,54,Central (New Madrid County),73
2026-01-13,Festus,73,Central (Park Hills),42
2026-01-13,Paseo Academy,37,Central (St. Joseph),63
2026-01-13,Marion C. Early,56,Chadwick,63
2026-01-13,Seneca,52,Chaffee,37
2026-01-13,Jennings,64,Christian Brothers College,97
2026-01-13,Risco,76,Clarkton,38
2026-01-13,Neelyville,85,Clearwater,51
2026-01-13,Gloria Deo Academy,33,Clever,49
2026-01-13,Northwest (Hughesville),47,Cole Camp,58
2026-01-13,Holcomb,56,Cooter,87
2026-01-13,Newburg,93,Crocker,63
2026-01-13,Kingston,63,Crystal City,57
2026-01-13,Everton,29,Dadeville,73
2026-01-13,Lutheran North,53,De Smet Jesuit,62
2026-01-13,Ellington,25,Delta (Deering),81
2026-01-13,Ash Grove,40,Diamond,46
2026-01-13,Fredericktown,53,Doniphan,51
2026-01-13,Hogan Prep Academy Charter,41,East Buchanan,64
2026-01-13,Kennett,53,East Carter,50
2026-01-13,Scott County Central,45,East Prairie,61
2026-01-13,Warsaw,33,Eldon,39
2026-01-13,Academie Lafayette,48,Ewing Marion Kauffman,73
2026-01-13,Hurley,46,Fair Play,67
2026-01-13,Park Hill,65,Fort Osage,58
2026-01-13,Northwest (Cedar Hill),33,Fox,65
2026-01-13,Duchesne,43,Ft. Zumwalt East,45
2026-01-13,North Point,30,Ft. Zumwalt South,86
2026-01-13,Confluence Prep Academy Charter,44,Ft. Zumwalt West,57
2026-01-13,Eugene,73,Fulton,41
2026-01-13,Verona,30,Galena,80
2026-01-13,Park Hill South,62,Grandview,53
2026-01-13,Smithton,25,Green Ridge,60
2026-01-13,Jasper,54,Greenfield,63
2026-01-13,St. Clair,67,Greenville,64
2026-01-13,Walnut Grove,28,Halfway,64
2026-01-13,Macon,33,Harrisburg,42
2026-01-13,Nevada,40,Harrisonville,55
2026-01-13,North Callaway,41,Hermann,52
2026-01-13,Humansville,70,Hermitage,56
2026-01-13,Keytesville,17,Higbee,64
2026-01-13,Canton,46,Highland,50
2026-01-13,Rolla,70,Hillcrest,62
2026-01-13,Miami (Amoret),52,Hume,28
2026-01-13,Calvary Lutheran,52,Iberia,49
2026-01-13,Hillsboro,48,Jackson,78
2026-01-13,Van-Far,63,Jamestown,24
2026-01-13,West County,30,Jefferson (Festus),57
2026-01-13,Lutheran St. Charles,51,John Burroughs,61
2026-01-13,Central (Springfield),42,Joplin,63
2026-01-13,Palmyra,37,Kirksville,48
2026-01-13,Lafayette County,63,Knob Noster,45
2026-01-13,University City,77,Ladue Horton Watkins,56
2026-01-13,Kirkwood,46,Lafayette (Wildwood),61
2026-01-13,Wellsville-Middletown,61,Lamar,60
2026-01-13,Lee's Summit,50,Lee's Summit West,33
2026-01-13,Oak Ridge,52,Leopold,75
2026-01-13,Bunker,76,Lesterville,33
2026-01-13,Holden,87,Lexington,94
2026-01-13,New Covenant Academy,27,Liberty (Mountain View),80
2026-01-13,Otterville,23,Lincoln,64
2026-01-13,Westminster Christian Academy,51,Lindbergh,44
2026-01-13,Liberal,49,Lockwood,45
2026-01-13,Ozark,32,Logan-Rogersville,54
2026-01-13,Wright City,40,Louisiana,59
2026-01-13,Weaubleau,63,Macks Creek,57
2026-01-13,Community,40,Madison,31
2026-01-13,Hartville,50,Mansfield,44
2026-01-13,Valley Park,64,Maplewood-Richmond Hts.,62
2026-01-13,Parkway West,51,Marquette,73
2026-01-13,Hazelwood West,62,McCluer,46
2026-01-13,West Plains,73,McKinley Classical Leadership,72
2026-01-13,Valley,54,Meadow Heights,65
2026-01-13,Tri-County,58,Mercer,49
2026-01-13,Jefferson City,46,MICDS,63
2026-01-13,Bishop LeBlond,35,Mid-Buchanan,63
2026-01-13,East Newton,64,Miller,51
2026-01-13,Columbia Independent,55,Missouri Military Academy,38
2026-01-13,Warrensburg,50,Moberly,58
2026-01-13,Hannibal,36,Monroe City,42
2026-01-13,Vienna,63,Montgomery County,65
2026-01-13,St. Joseph Christian,53,Mound City,50
2026-01-13,Licking,57,Mountain Grove,68
2026-01-13,Hollister,51,Mt. Vernon,67
2026-01-13,Glasgow,48,New Franklin,43
2026-01-13,Carthage,51,Nixa,82
2026-01-13,Worth County,63,Northeast Nodaway,41
2026-01-13,Houston,15,Norwood,64
2026-01-13,Central (Cape Girardeau),57,Notre Dame (Cape Girardeau),63
2026-01-13,Barstow,50,Oak Grove,70
2026-01-13,Whitfield,66,Oakville,73
2026-01-13,Penney,57,Odessa,64
2026-01-13,Kelly,58,Oran,50
2026-01-13,Hardin-Central,44,Orrick,52
2026-01-13,Branson,71,Parkview,52
2026-01-13,Mehlville,33,Parkway Central,62
2026-01-13,Salem,65,Pilot Grove,57
2026-01-13,Winona,68,Plato,42
2026-01-13,Kearney,66,Platte County,33
2026-01-13,West Plains,63,Poplar Bluff,45
2026-01-13,Chamois,42,Prairie Home,52
2026-01-13,Grundy County with Newtown-Harris,28,Princeton,69
2026-01-13,Marionville,59,Purdy,47
2026-01-13,Brookfield,36,Putnam County,71
2026-01-13,Bell City,60,Puxico,75
2026-01-13,Lebanon,42,Republic,51
2026-01-13,Sherwood,46,Rich Hill,51
2026-01-13,Conway,55,Richland,68
2026-01-13,Oak Park,27,Rockhurst,64
2026-01-13,Riverview Gardens,62,Rockwood Summit,94
2026-01-13,Miller Career Academy,86,Roosevelt,25
2026-01-13,Tuscumbia,60,Sarcoxie,57
2026-01-13,Versailles,73,Savannah,41
2026-01-13,North Shelby,54,Schuyler County,79
2026-01-13,Westran,54,Senath-Hornersville,49
2026-01-13,Malden,68,Senath-Hornersville,57
2026-01-13,Farmington,55,Sikeston,85
2026-01-13,Chaminade College Prep,89,SLUH,59
2026-01-13,St. Pius X (Kansas City),62,Sparta,65
2026-01-13,West Nodaway with Nodaway-Holt,64,St. James,45
2026-01-13,North County,55,Stanberry,60
2026-01-13,Hayti,66,Summersville,63
2026-01-13,Crossroads Prep Charter,53,Southeast,59
2026-01-13,Boonville,48,Southern Boone,64
2026-01-13,Gideon,61,Sweet Springs,59
2026-01-13,Brunswick,55,Thayer,67
2026-01-13,Reeds Spring,56,Union,89
2026-01-13,Orchard Farm,40,St. Charles West,52
2026-01-13,Cuba,35,St. James,70
2026-01-13,Lone Jack,30,St. Paul Lutheran (Concordia),58
2026-01-13,Advance,74,St. Vincent,58
2026-01-13,Raymore-Peculiar,36,Staley,49
2026-01-13,Windsor,64,Willard,40
2026-01-13,Northeast (Cairo),52,Worth County,37
2026-01-13,Alton,69,Wright City,36
2026-01-13,Wellington-Napoleon,37,Sweet Springs,31
2026-01-13,Winona,50,Thayer,58
2026-01-13,Ft. Zumwalt North,82,Timberland,63
2026-01-13,Butler,59,Tipton,73
2026-01-13,Francis Howell,61,Troy Buchanan,46
2026-01-13,Ruskin,49,St. Charles,64
2026-01-13,Bunceton,18,Tuscumbia,98
2026-01-13,South Shelby,50,Van-Far,73
2026-01-13,Soldan International Studies,25,Waynesville,63
2026-01-13,Adrian,55,Versailles,69
2026-01-13,Webb City,50,Warrenton,59
2026-01-13,McDonald County,29,Webb City,96
2026-01-13,Pierce City,54,Wheaton,38
2026-01-13,Raytown,74,William Chrisman,47
2026-01-13,Raytown South,44,Winnetonka,70
2026-01-13,Richland (Essex),70,Zalma,40
2026-01-14,Northeast Nodaway,53,Albany,63
2026-01-14,Savannah,34,Battle,67
2026-01-14,Richmond,61,Cameron,60
2026-01-14,University Academy Charter,56,Chillicothe,55
2026-01-14,Wheatland,52,Climax Springs,64
2026-01-14,Polo,62,DeKalb,44
2026-01-14,Clayton,76,Eureka,60
2026-01-14,Penney,61,Excelsior Springs,51
2026-01-14,Pattonville,65,Francis Howell Central,73
2026-01-14,Bourbon,38,Grandview (Hillsboro),93
2026-01-14,Riverview Gardens,32,Hazelwood East,73
2026-01-14,Sarcoxie,48,Hermann,45
2026-01-14,Centralia,75,Higbee,45
2026-01-14,Lakeland,65,Hume,35
2026-01-14,Plattsburg,30,Maysville,63
2026-01-14,Novinger,68,Milan,29
2026-01-14,Sherwood,56,Montrose,24
2026-01-14,New Bloomfield,66,New Haven,58
2026-01-14,Vienna,48,North Nodaway,16
2026-01-14,Concordia,50,Northwest (Hughesville),62
2026-01-14,Vianney,67,Parkway North,33
2026-01-14,North Platte,67,Platte County,71
2026-01-14,Union,68,Potosi,77
2026-01-14,Leeton,68,Scott County Central,53
2026-01-14,Mehlville,63,Seckman,79
2026-01-14,Westran,53,South Shelby,67
2026-01-14,Vienna,45,Slater,66
2026-01-14,Tri-County,47,St. Elizabeth,87
2026-01-14,Priory,49,St. Charles,47
2026-01-14,St. Francis Borgia,38,St. Dominic,68
2026-01-14,Bayless,60,Webster Groves,67
2026-01-14,Summit Christian Academy,85,St. Pius X (Kansas City),59
2026-01-14,St. Clair,51,Warsaw,56
2026-01-14,Norborne,30,Sweet Springs,74
2026-01-14,West Nodaway with Nodaway-Holt,44,Tarkio with Fairfax,36
2026-01-14,Marceline,58,Trenton,56
2026-01-14,Gateway Science Charter,30,Valley Park,67
2026-01-14,South Pemiscot,75,Veritas Christian Academy,49
2026-01-14,Willard,45,Versailles,64
2026-01-15,Rich Hill,21,Appleton City,64
2026-01-15,Smithville,45,Bakersfield,58
2026-01-15,Atlanta,64,Bevier,54
2026-01-15,Hallsville,51,Blair Oaks,56
2026-01-15,Liberty (Mountain View),69,Blue Eye,45
2026-01-15,California,41,Boonville,53
2026-01-15,Osage,92,Buffalo,76
2026-01-15,McCluer North,43,Cardinal Ritter,63
2026-01-15,Oak Grove,51,Central (Kansas City),53
2026-01-15,Benton,62,Central (St. Joseph),38
2026-01-15,Halfway,50,Chadwick,54
2026-01-15,Gideon,48,Clarkton,52
2026-01-15,Marionville,45,Clever,73
2026-01-15,Archie,52,Clinton,94
2026-01-15,Westminster Christian Academy,49,De Smet Jesuit,57
2026-01-15,Webb City,46,DeSoto,42
2026-01-15,St. James,69,Dixon,47
2026-01-15,Fair Grove,85,Dora,30
2026-01-15,Versailles,76,East Buchanan,46
2026-01-15,Greenville,63,East Carter,60
2026-01-15,Winona,19,Eminence,52
2026-01-15,Jasper,78,Everton,46
2026-01-15,Christian Fellowship Sr.,52,Fayette,45
2026-01-15,Francis Howell North,48,Ft. Zumwalt West,55
2026-01-15,Warrensburg,60,Fulton,50
2026-01-15,Sweet Springs,35,Glasgow,65
2026-01-15,Liberal,46,Golden City,78
2026-01-15,Dadeville,64,Greenfield,48
2026-01-15,Thayer,43,Grundy County with Newtown-Harris,54
2026-01-15,Savannah,71,Hogan Prep Academy Charter,46
2026-01-15,North Platte,46,Kearney,69
2026-01-15,Principia,70,Kickapoo,55
2026-01-15,North Andrew,45,King City,59
2026-01-15,Houston,87,Koshkonong,54
2026-01-15,University Academy Charter,65,Lathrop,24
2026-01-15,Gallatin,70,Lawson,26
2026-01-15,Lutheran North,52,Lindbergh,64
2026-01-15,Bronaugh,21,Lockwood,52
2026-01-15,Walnut Grove,56,Marion C. Early,46
2026-01-15,Barstow,44,Marshall,45
2026-01-15,Springfield Catholic,88,Marshfield,95
2026-01-15,Carthage,63,McDonald County,48
2026-01-15,Osceola,62,Miami (Amoret),48
2026-01-15,School of the Ozarks,47,Miller,77
2026-01-15,Eugene,65,Moberly,45
2026-01-15,Crane,54,Monett,39
2026-01-15,Worth County,43,North Andrew,47
2026-01-15,Sarcoxie,72,North Callaway,71
2026-01-15,Naylor,65,North Pemiscot,21
2026-01-15,Schuyler County,55,Northeast (Cairo),56
2026-01-15,Pacific,55,Northwest (Cedar Hill),46
2026-01-15,Lift for Life Academy Charter,71,Oakville,51
2026-01-15,West Platte,48,Odessa,47
2026-01-15,La Monte,18,Orrick,56
2026-01-15,KIPP KC Legacy,65,Paseo Academy,55
2026-01-15,New Heights Christian,49,Pierce City,46
2026-01-15,Ewing Marion Kauffman,72,Pleasant Hill,51
2026-01-15,New Covenant Academy,50,Pleasant Hope,59
2026-01-15,Oran,45,Portageville,58
2026-01-15,Green City,54,Putnam County,51
2026-01-15,Grandview,49,Raytown South,61
2026-01-15,Ladue Horton Watkins,62,Ritenour,52
2026-01-15,St. Joseph Christian,35,Rock Port,65
2026-01-15,Caruthersville,60,Senath-Hornersville,75
2026-01-15,Drexel,51,South Callaway,29
2026-01-15,Carrollton,60,Smithton,51
2026-01-15,Summit Christian Academy,49,Sparta,46
2026-01-15,Montgomery County,55,Slater,49
2026-01-15,Worth County,48,Stover,55
2026-01-15,Louisiana,65,South Shelby,53
2026-01-15,Capital City,63,Southern Boone,46
2026-01-15,Verona,32,Tuscumbia,74
2026-01-15,Fordland,54,Union,69
2026-01-15,Holt,48,St. Charles West,50
2026-01-15,Bunceton,25,Van-Far,97
2026-01-15,Lafayette County,43,St. Paul Lutheran (Concordia),59
2026-01-15,Wheaton,73,Thomas Jefferson Independent Day,68
2026-01-15,Calvary Lutheran,55,Tuscumbia,56
2026-01-15,Clearwater,36,St. Clair,101
2026-01-15,McCluer,27,Webster Groves,81
2026-01-15,Seckman,58,Windsor (Imperial),56
2026-01-15,Winfield,57,Wright City,47
2026-01-16,Vienna,43,Albany,54
2026-01-16,Sarcoxie,49,Ash Grove,60
2026-01-16,Schuyler County,85,Atlanta,71
2026-01-16,Academie Lafayette,41,Barstow,60
2026-01-16,Kingston,75,Bismarck,78
2026-01-16,Blue Springs,71,Blue Springs South,78
2026-01-16,Helias Catholic,49,Bolivar,57
2026-01-16,Warrensburg,52,Boonville,62
2026-01-16,St. Elizabeth,53,Braymer,57
2026-01-16,Bayless,57,Brentwood,36
2026-01-16,Warrenton,71,Brunswick,67
2026-01-16,Calvary Lutheran,65,Bunceton,17
2026-01-16,Higbee,36,Bunker,72
2026-01-16,Versailles,70,Butler,57
2026-01-16,Excelsior Springs,64,Cameron,42
2026-01-16,North Shelby,53,Canton,58
2026-01-16,Orrick,54,Carrollton,86
2026-01-16,Seneca,32,Cassville,70
2026-01-16,Woodland,71,Central (Cape Girardeau),41
2026-01-16,Ewing Marion Kauffman,74,Central (Kansas City),64
2026-01-16,Farmington,95,Central (Park Hills),43
2026-01-16,Palmyra,46,Centralia,51
2026-01-16,Tuscumbia,70,Chamois,41
2026-01-16,Scott County Central,55,Charleston,86
2026-01-16,Midway,53,Chilhowee,61
2026-01-16,Wright City,43,Christian Fellowship Sr.,55
2026-01-16,Vianney,81,Clayton,79
2026-01-16,South Shelby,60,Climax Springs,36
2026-01-16,South Pemiscot,66,Clopton,57
2026-01-16,Keytesville,24,Columbia Independent,70
2026-01-16,New Franklin,72,Community,33
2026-01-16,Laquey,75,Crocker,72
2026-01-16,Grandview (Hillsboro),50,Crystal City,41
2026-01-16,Union Star,50,DeKalb,35
2026-01-16,Bell City,54,Delta,76
2026-01-16,Herculaneum,48,DeSoto,47
2026-01-16,Bernie,54,Dexter,63
2026-01-16,Naylor,46,Doniphan,76
2026-01-16,Kingsville,55,Drexel,50
2026-01-16,Affton,43,Duchesne,70
2026-01-16,Neosho,60,East Newton,69
2026-01-16,Lamar,70,El Dorado Springs,42
2026-01-16,Cooter,111,Ellington,35
2026-01-16,Louisiana,52,Elsberry,46
2026-01-16,Parkway North,28,Eureka,50
2026-01-16,Jefferson City,61,Father Tolton,75
2026-01-16,William Chrisman,60,Fort Osage,70
2026-01-16,St. Dominic,46,Francis Howell Central,50
2026-01-16,North County,52,Fredericktown,68
2026-01-16,Timberland,59,Ft. Zumwalt East,50
2026-01-16,Ft. Zumwalt South,64,Ft. Zumwalt North,32
2026-01-16,California,53,Fulton,79
2026-01-16,Conway,39,Gainesville,73
2026-01-16,Senath-Hornersville,66,Gideon,50
2026-01-16,Sacred Heart,38,Green Ridge,43
2026-01-16,Spokane,45,Greenwood,60
2026-01-16,Brashear,48,Grundy County with Newtown-Harris,30
2026-01-16,Valley Park,62,Hancock,34
2026-01-16,Kirksville,57,Hannibal,38
2026-01-16,Norwood,55,Hartville,57
2026-01-16,Campbell,46,Hayti,74
2026-01-16,University City,58,Hazelwood Central,45
2026-01-16,Macks Creek,42,Hermitage,43
2026-01-16,Clark County,46,Highland,60
2026-01-16,Webb City,51,Hillcrest,56
2026-01-16,Festus,66,Hillsboro,47
2026-01-16,Neelyville,68,Holcomb,56
2026-01-16,Galena,60,Hollister,69
2026-01-16,Willow Springs,82,Houston,42
2026-01-16,Weaubleau,46,Humansville,34
2026-01-16,Fordland,71,Hurley,33
2026-01-16,Rockwood Summit,58,Jennings,49
2026-01-16,Summit Christian Academy,62,Kearney,64
2026-01-16,Chaffee,78,Kelly,52
2026-01-16,Notre Dame (Cape Girardeau),59,Kennett,42
2026-01-16,Marquette,77,Kirkwood,68
2026-01-16,Holden,29,Knob Noster,60
2026-01-16,Westran,56,Knox County,49
2026-01-16,Meadville,60,La Plata,44
2026-01-16,Sherwood,52,Lakeland,40
2026-01-16,Willard,60,Lebanon,41
2026-01-16,Lee's Summit West,46,Lee's Summit North,80
2026-01-16,Ballard,62,Leeton,32
2026-01-16,Marquand-Zion,43,Leopold,101
2026-01-16,Lafayette County,54,Lexington,42
2026-01-16,Staley,48,Liberty,37
2026-01-16,Lee's Summit,69,Liberty North,48
2026-01-16,Iberia,33,Licking,65
2026-01-16,Fatima,60,Linn,34
2026-01-16,Jasper,17,Lockwood,49
2026-01-16,Concordia,39,Lone Jack,62
2026-01-16,Glasgow,76,Madison,32
2026-01-16,Bloomfield,23,Malden,52
2026-01-16,Forsyth,68,Mansfield,73
2026-01-16,St. Paul Lutheran (Farmington),36,Meadow Heights,69
2026-01-16,Macon,43,Mexico,59
2026-01-16,Crossroads Prep Charter,31,Mid-Buchanan,73
2026-01-16,John Burroughs,56,Miller Career Academy,58
2026-01-16,New Haven,50,Missouri Military Academy,45
2026-01-16,Crane,54,Monett,39
2026-01-16,Hume,25,Montrose,38
2026-01-16,St. James,46,Mound City,54
2026-01-16,Joplin,51,Nevada,65
2026-01-16,Eldon,72,New Bloomfield,56
2026-01-16,Exeter,24,New Heights Christian,83
2026-01-16,Fox,56,Normandy Collaborative,53
2026-01-16,Vienna,59,North Callaway,72
2026-01-16,Tri-County,68,North Harrison,59
2026-01-16,St. Pius X (Kansas City),84,North Platte,89
2026-01-16,Pilot Grove,43,Northeast (Cairo),66
2026-01-16,STEAM Academy,23,Northwest (Cedar Hill),55
2026-01-16,La Monte,29,Northwest (Hughesville),50
2026-01-16,Pleasant Hill,53,Oak Grove,67
2026-01-16,Zalma,34,Oak Ridge,70
2026-01-16,Winfield,46,Orchard Farm,75
2026-01-16,North Kansas City,49,Park Hill,32
2026-01-16,Riverview Gardens,45,Parkway South,78
2026-01-16,Lafayette (Wildwood),65,Parkway West,49
2026-01-16,Plattsburg,50,Pattonsburg,43
2026-01-16,St. Francis Borgia,75,Pattonville,67
2026-01-16,Richmond,61,Penney,63
2026-01-16,Newburg,88,Plato,52
2026-01-16,Sparta,52,Platte County,49
2026-01-16,Ste. Genevieve,50,Potosi,71
2026-01-16,Jamestown,58,Prairie Home,32
2026-01-16,Gloria Deo Academy,55,Purdy,34
2026-01-16,Greenville,38,Puxico,86
2026-01-16,Belton,55,Raymore-Peculiar,53
2026-01-16,St. Charles,49,Raytown,64
2026-01-16,Advance,78,Richland (Essex),59
2026-01-16,Sweet Springs,70,Risco,77
2026-01-16,Battle,70,Rock Bridge,64
2026-01-16,Camdenton,34,Rolla,67
2026-01-16,Grandview,45,Ruskin,41
2026-01-16,Ava,41,Salem,60
2026-01-16,Senath-Hornersville,65,Schuyler County,78
2026-01-16,East Prairie,40,Seneca,90
2026-01-16,Webster Groves,68,Sikeston,82
2026-01-16,Christian Brothers College,54,SLUH,49
2026-01-16,Hickman,74,Savannah,85
2026-01-16,Otterville,68,Smithton,49
2026-01-16,St. Pius X (Festus),44,Stanberry,64
2026-01-16,Portageville,33,Summersville,68
2026-01-16,Washington,55,St. Charles,53
2026-01-16,Oran,43,St. Vincent,76
2026-01-16,Owensville,45,Warsaw,30
2026-01-16,Adrian,34,Wellsville-Middletown,60
2026-01-16,Wheatland,69,Westran,54
2026-01-16,Lincoln,72,Willard,53
2026-01-16,Union,73,Winona,53
2026-01-16,Salem,46,Worth County,45
2026-01-16,Scott County Central,60,Sweet Springs,55
2026-01-16,St. Joseph Christian,45,Tarkio with Fairfax,67
2026-01-16,Cabool,29,Thayer,77
2026-01-16,South Callaway,31,Thomas Jefferson Independent Day,73
2026-01-16,St. Paul Lutheran (Concordia),64,Tipton,66
2026-01-16,Parkway Central,60,Troy Buchanan,44
2026-01-16,West County,67,Valley,46
2026-01-16,Eminence,45,Van Buren,86
2026-01-16,Bowling Green,55,Van-Far,56
2026-01-16,Bishop DuBourg,49,Veritas Christian Academy,65
2026-01-16,McAuley Catholic,56,Verona,38
2026-01-16,Crest Ridge,51,Wellington-Napoleon,40
2026-01-16,Mark Twain,64,Wellsville-Middletown,25
2026-01-16,Northeast Vernon County,57,Wheaton,63
2026-01-16,Cole Camp,39,Windsor,44
2026-01-16,Maplewood-Richmond Hts.,64,Windsor (Imperial),54
2026-01-16,Wright City,32,Winona,37
2026-01-17,Osceola,30,Appleton City,61
2026-01-17,Dora,47,Aurora,92
2026-01-17,Marshfield,54,Bakersfield,72
2026-01-17,Halfway,52,Blue Eye,66
2026-01-17,Novinger,45,Brookfield,59
2026-01-17,Harrisburg,43,Canton,38
2026-01-17,Gloria Deo Academy,59,Cassville,62
2026-01-17,Father Tolton,37,Center,48
2026-01-17,East Buchanan,31,Central (St. Joseph),46
2026-01-17,Liberty (Mountain View),55,Chadwick,43
2026-01-17,Clearwater,51,Clarkton,79
2026-01-17,Crane,31,Clever,33
2026-01-17,Belle,61,Cuba,43
2026-01-17,Golden City,70,Dadeville,67
2026-01-17,Capital City,51,Eugene,53
2026-01-17,Blair Oaks,52,Francis Howell,48
2026-01-17,West Platte,30,Gallatin,49
2026-01-17,Marceline,49,Green City,54
2026-01-17,Liberal,54,Greenfield,64
2026-01-17,Orchard Farm,67,Hallsville,56
2026-01-17,Rock Bridge,81,Hazelwood East,47
2026-01-17,Slater,54,Hermann,63
2026-01-17,Monroe City,53,Hickman,76
2026-01-17,Paseo Academy,40,Hogan Prep Academy Charter,32
2026-01-17,Stover,33,King City,49
2026-01-17,Bradleyville,60,Koshkonong,67
2026-01-17,Odessa,73,Lawson,49
2026-01-17,New Covenant Academy,70,Marion C. Early,76
2026-01-17,Holt,61,Mexico,62
2026-01-17,Rich Hill,37,Miami (Amoret),29
2026-01-17,Marionville,42,Monett,39
2026-01-17,Sarcoxie,52,Montgomery County,54
2026-01-17,Worth County,43,North Andrew,47
2026-01-17,Walnut Grove,46,Pleasant Hope,56
2026-01-17,Seneca,41,Purdy,42
2026-01-17,Trenton,58,Putnam County,72
2026-01-17,West Nodaway with Nodaway-Holt,77,Rock Port,60
2026-01-17,KIPP KC Legacy,51,Savannah,61
2026-01-17,Valle Catholic,37,Saxony Lutheran,47
2026-01-17,Springfield Catholic,73,Smithville,65
2026-01-17,Worth County,48,Stover,55
2026-01-17,Moberly,59,Southern Boone,63
2026-01-17,Benton,66,Versailles,37
2026-01-19,Elsberry,81,Brentwood,66
2026-01-19,Couch,74,Cabool,56
2026-01-19,Lathrop,37,Cameron,61
2026-01-19,Lutheran St. Charles,66,Capital City,73
2026-01-19,Hollister,63,Cassville,54
2026-01-19,Newburg,83,Chamois,45
2026-01-19,Westminster Christian Academy,68,Clayton,54
2026-01-19,Lesterville,48,Clearwater,62
2026-01-19,Calvary Lutheran,51,Climax Springs,56
2026-01-19,Crocker,60,Dixon,90
2026-01-19,Ellington,26,East Carter,69
2026-01-19,St. James,34,Faith Christian Academy,83
2026-01-19,Potosi,50,Farmington,81
2026-01-19,North Callaway,64,Fayette,54
2026-01-19,Wright City,44,Fordland,70
2026-01-19,Verona,24,Forsyth,82
2026-01-19,Ballard,56,Golden City,80
2026-01-19,Warsaw,41,Green Ridge,51
2026-01-19,Concordia,55,Hardin-Central,38
2026-01-19,Whitfield,70,Hayti,64
2026-01-19,Ritenour,53,Hazelwood Central,71
2026-01-19,Miller Career Academy,80,Jennings,70
2026-01-19,South Shelby,62,Knox County,59
2026-01-19,Ruskin,56,Lee's Summit,80
2026-01-19,SLUH,57,Lutheran North,59
2026-01-19,Canton,47,Macon,45
2026-01-19,Valle Catholic,69,Marquand-Zion,40
2026-01-19,Monett,50,McAuley Catholic,32
2026-01-19,Highland,27,Monroe City,57
2026-01-19,Rock Bridge,55,Raytown,60
2026-01-19,Holden,41,Richmond,78
2026-01-19,Cuba,27,Rolla,67
2026-01-19,Waynesville,50,Salem,53
2026-01-19,Pilot Grove,65,Scott County Central,40
2026-01-19,Gloria Deo Academy,52,School of the Ozarks,28
2026-01-19,Mark Twain,55,Schuyler County,80
2026-01-19,Fulton,71,Slater,62
2026-01-19,Maysville,64,St. Elizabeth,29
2026-01-19,Winona,70,Spokane,43
2026-01-19,Missouri Military Academy,32,St. Clair,82
2026-01-19,Webster Groves,67,St. Francis Borgia,62
2026-01-19,Warsaw,35,St. James,69
2026-01-19,Northwest (Hughesville),33,St. Paul Lutheran (Concordia),63
2026-01-19,Hermann,77,St. Pius X (Festus),57
2026-01-19,Sparta,55,St. Pius X (Kansas City),51
2026-01-19,Vienna,71,Tuscumbia,77
2026-01-19,Ft. Zumwalt West,58,Union,54
2026-01-19,Lakeland,29,Weaubleau,61
2026-01-19,Bishop LeBlond,41,West Platte,43
2026-01-20,Lone Jack,53,Adrian,54
2026-01-20,Seneca,64,Advance,39
2026-01-20,McKinley Classical Leadership,86,Affton,79
2026-01-20,Pattonsburg,56,Albany,67
2026-01-20,Thayer,74,Alton,68
2026-01-20,Jasper,35,Archie,68
2026-01-20,School of the Ozarks,38,Ash Grove,47
2026-01-20,Putnam County,76,Atlanta,73
2026-01-20,Licking,64,Ava,67
2026-01-20,Miami (Amoret),53,Ballard,42
2026-01-20,Hogan Prep Academy Charter,28,Barstow,66
2026-01-20,Valley Park,60,Bayless,68
2026-01-20,Woodland,80,Bell City,69
2026-01-20,Chamois,57,Belle,77
2026-01-20,Bernie,71,Bloomfield,20
2026-01-20,Crane,37,Blue Eye,27
2026-01-20,McDonald County,36,Bolivar,68
2026-01-20,Pierce City,85,Bronaugh,27
2026-01-20,Schuyler County,59,Brookfield,46
2026-01-20,Mt. Vernon,56,Buffalo,52
2026-01-20,Drexel,63,Butler,47
2026-01-20,Houston,74,Cabool,64
2026-01-20,Osage,71,California,58
2026-01-20,Prairie Home,30,Calvary Lutheran,65
2026-01-20,West Plains,68,Camdenton,52
2026-01-20,Caruthersville,75,Campbell,67
2026-01-20,Lafayette County,71,Carrollton,66
2026-01-20,Central (Cape Girardeau),58,Central (New Madrid County),52
2026-01-20,Seckman,78,Central (Park Hills),47
2026-01-20,Republic,52,Central (Springfield),33
2026-01-20,El Dorado Springs,56,Chadwick,67
2026-01-20,Hume,21,Chilhowee,33
2026-01-20,Penney,35,Chillicothe,44
2026-01-20,Monett,48,Clever,61
2026-01-20,Wright City,38,Clopton,59
2026-01-20,Northeast (Cairo),68,Community,52
2026-01-20,Montrose,26,Concordia,43
2026-01-20,Risco,87,Cooter,74
2026-01-20,Rock Port,65,DeKalb,26
2026-01-20,Saxony Lutheran,50,Delta,81
2026-01-20,Holcomb,66,Delta (Deering),76
2026-01-20,Festus,60,DeSoto,29
2026-01-20,South Shelby,51,Diamond,50
2026-01-20,Bakersfield,71,Dora,31
2026-01-20,Winfield,28,Duchesne,47
2026-01-20,Tipton,40,Eugene,50
2026-01-20,Versailles,59,Excelsior Springs,23
2026-01-20,New Heights Christian,54,Fair Grove,65
2026-01-20,Hillsboro,78,Farmington,90
2026-01-20,Ft. Zumwalt South,31,Francis Howell,50
2026-01-20,St. Charles West,57,Francis Howell Central,59
2026-01-20,Arcadia Valley,37,Fredericktown,59
2026-01-20,Washington,48,Ft. Zumwalt East,43
2026-01-20,Timberland,69,Ft. Zumwalt West,50
2026-01-20,Moberly,65,Fulton,53
2026-01-20,Willow Springs,46,Gainesville,58
2026-01-20,Marceline,40,Gallatin,70
2026-01-20,Soldan International Studies,47,Gateway,51
2026-01-20,Van-Far,72,Hannibal,58
2026-01-20,Malden,49,Hayti,68
2026-01-20,Roosevelt,26,Hazelwood West,64
2026-01-20,Jefferson City,42,Helias Catholic,61
2026-01-20,Westran,58,Hermitage,60
2026-01-20,Lindbergh,63,Hickman,54
2026-01-20,Warrenton,53,Holt,73
2026-01-20,Miller Career Academy,80,Jennings,70
2026-01-20,Fort Osage,36,Kearney,62
2026-01-20,East Prairie,61,Kennett,57
2026-01-20,Thayer,69,Keytesville,27
2026-01-20,Carthage,21,Kickapoo,87
2026-01-20,North Harrison,48,King City,63
2026-01-20,Bourbon,25,Kingston,67
2026-01-20,Orrick,36,Kingsville,72
2026-01-20,Westran,35,Kirksville,54
2026-01-20,St. Dominic,74,Kirkwood,51
2026-01-20,Wright City,46,Koshkonong,45
2026-01-20,Sweet Springs,59,La Monte,42
2026-01-20,North Shelby,57,La Plata,73
2026-01-20,Parkway West,73,Ladue Horton Watkins,74
2026-01-20,Liberty,60,Lafayette (St. Joseph),35
2026-01-20,Fair Play,27,Lakeland,59
2026-01-20,Lockwood,54,Lamar,63
2026-01-20,Webb City,72,Lebanon,36
2026-01-20,Raytown South,76,Lee's Summit West,57
2026-01-20,Meadow Heights,32,Leopold,98
2026-01-20,Crest Ridge,56,Lexington,41
2026-01-20,Northeast Vernon County,54,Liberal,59
2026-01-20,Mountain Grove,64,Liberty (Mountain View),68
2026-01-20,William Chrisman,49,Liberty North,87
2026-01-20,Cole Camp,37,Lincoln,50
2026-01-20,Park Hill,65,Lincoln College Prep,56
2026-01-20,Climax Springs,58,Macks Creek,44
2026-01-20,Conway,34,Mansfield,80
2026-01-20,Brentwood,44,Maplewood-Richmond Hts.,75
2026-01-20,Wellsville-Middletown,62,Marion C. Early,42
2026-01-20,Senath-Hornersville,75,Marion County,38
2026-01-20,Boonville,59,Marshall,45
2026-01-20,East Buchanan,57,Maryville,60
2026-01-20,Green City,53,Meadville,54
2026-01-20,Northwest (Cedar Hill),61,Mehlville,81
2026-01-20,Principia,69,MICDS,61
2026-01-20,Summit Christian Academy,62,Mid-Buchanan,54
2026-01-20,Appleton City,69,Midway,25
2026-01-20,Laquey,81,Missouri Military Academy,51
2026-01-20,Bowling Green,55,Montgomery County,42
2026-01-20,Greenville,64,Neelyville,70
2026-01-20,Fayette,49,New Bloomfield,63
2026-01-20,Billings,80,New Covenant Academy,34
2026-01-20,Wheatland,63,Niangua,29
2026-01-20,Willard,55,Nixa,76
2026-01-20,Brunswick,65,Norborne,30
2026-01-20,West Nodaway with Nodaway-Holt,53,North Nodaway,17
2026-01-20,Clarkton,85,North Pemiscot,26
2026-01-20,North Andrew,49,North Platte,71
2026-01-20,Crossroads Prep Charter,59,Northeast (Kansas City),73
2026-01-20,Stover,40,Northeast Nodaway,38
2026-01-20,Union Star,41,Northland Christian,60
2026-01-20,Smithton,52,Northwest (Hughesville),64
2026-01-20,Higbee,68,Northwestern (Mendon),39
2026-01-20,Smithville,55,Norwood,48
2026-01-20,Linn County,49,Novinger,45
2026-01-20,Cameron,36,Oak Grove,70
2026-01-20,Battle,63,Oak Park,81
2026-01-20,Kelly,65,Oak Ridge,53
2026-01-20,Fox,56,Oakville,59
2026-01-20,Chaffee,86,Oran,37
2026-01-20,Rich Hill,55,Osceola,62
2026-01-20,Parkview,56,Ozark,77
2026-01-20,Clark County,14,Palmyra,54
2026-01-20,Central (St. Joseph),36,Park Hill South,76
2026-01-20,DeLaSalle Charter (KC),37,Paseo Academy,62
2026-01-20,John Burroughs,50,Pattonville,75
2026-01-20,Herculaneum,64,Perryville,78
2026-01-20,New Franklin,57,Pilot Grove,54
2026-01-20,Grain Valley,58,Platte County,29
2026-01-20,Marionville,51,Pleasant Hope,47
2026-01-20,Jackson,77,Poplar Bluff,60
2026-01-20,Senath-Hornersville,74,Portageville,54
2026-01-20,Sarcoxie,52,Purdy,44
2026-01-20,Dexter,47,Puxico,62
2026-01-20,Greenwood,61,Reeds Spring,41
2026-01-20,Iberia,62,Richland,58
2026-01-20,Wellington-Napoleon,36,Richmond,75
2026-01-20,St. Michael the Archangel,59,Ruskin,45
2026-01-20,Gideon,50,Scott County Central,53
2026-01-20,Thomas Jefferson Independent Day,66,South Callaway,29
2026-01-20,Leeton,62,Sherwood,38
2026-01-20,Glasgow,77,Salem,43
2026-01-20,Harrisburg,57,Slater,49
2026-01-20,Polo,44,St. Elizabeth,69
2026-01-20,Tarkio with Fairfax,83,St. James,52
2026-01-20,Naylor,66,Sweet Springs,76
2026-01-20,Marshfield,83,Springfield Catholic,90
2026-01-20,North Point,51,St. Charles,63
2026-01-20,Missouri Military Academy,32,St. Clair,82
2026-01-20,Rockhurst,73,St. Pius X (Kansas City),39
2026-01-20,Jefferson (Festus),57,St. Vincent,64
2026-01-20,Blue Springs,43,Staley,71
2026-01-20,St. Joseph Christian,44,Vienna,55
2026-01-20,Crystal City,45,STEAM Academy,58
2026-01-20,Christian Fellowship Sr.,48,Worth County,33
2026-01-20,Van-Far,62,Webb City,67
2026-01-20,Milan,8,Trenton,71
2026-01-20,Liberty (Wentzville),65,Troy Buchanan,52
2026-01-20,Valle Catholic,53,Valley,39
2026-01-20,Gateway Science Charter,27,Veritas Christian Academy,64
2026-01-20,Warsaw,51,Versailles,56
2026-01-20,De Smet Jesuit,55,Vianney,61
2026-01-20,Humansville,54,Walnut Grove,36
2026-01-20,North Callaway,63,Wellsville-Middletown,10
2026-01-20,North County,56,West County,44
2026-01-20,Otterville,48,Windsor,66
2026-01-20,Princeton,61,Worth County,35
2026-01-21,Priory,58,Bayless,60
2026-01-21,Newburg,71,Belle,89
2026-01-21,Clearwater,42,Bunker,88
2026-01-21,Holden,50,Butler,55
2026-01-21,Chaminade College Prep,82,Christian Brothers College,66
2026-01-21,Tipton,69,Concordia,38
2026-01-21,Houston,56,Couch,65
2026-01-21,Tuscumbia,58,Dixon,86
2026-01-21,Stanberry,42,East Carter,44
2026-01-21,Westminster Christian Academy,60,Eureka,52
2026-01-21,Windsor (Imperial),60,Farmington,72
2026-01-21,Winona,54,Forsyth,73
2026-01-21,Marquette,54,Francis Howell,58
2026-01-21,Greenwood,52,Galena,55
2026-01-21,DeLaSalle Charter (KC),35,Guadalupe Centers Charter,56
2026-01-21,Affton,58,Hancock,64
2026-01-21,Appleton City,60,Hume,14
2026-01-21,Smithton,46,Jamestown,42
2026-01-21,University City,84,Jennings,72
2026-01-21,Mark Twain,49,Knox County,52
2026-01-21,Fordland,78,Koshkonong,41
2026-01-21,St. Michael the Archangel,51,Lee's Summit,75
2026-01-21,Raytown,46,Lee's Summit North,71
2026-01-21,Plattsburg,43,Lexington,67
2026-01-21,Park Hill,65,Lincoln College Prep,56
2026-01-21,Parkway South,60,Lutheran South,45
2026-01-21,Francis Howell North,63,Lutheran St. Charles,55
2026-01-21,Highland,32,Macon,44
2026-01-21,Laquey,81,Missouri Military Academy,51
2026-01-21,Canton,35,Monroe City,60
2026-01-21,Harrisburg,40,New Franklin,51
2026-01-21,Harrisonville,69,Odessa,27
2026-01-21,Washington,59,Pacific,55
2026-01-21,Orrick,47,Penney,75
2026-01-21,Parkway Central,53,Rockwood Summit,50
2026-01-21,South Shelby,51,Schuyler County,69
2026-01-21,Columbia Independent,66,South Pemiscot,81
2026-01-21,Laquey,65,St. Clair,78
2026-01-21,Union,51,St. Francis Borgia,67
2026-01-21,Clayton,101,Webster Groves,103
2026-01-21,Iberia,63,Webb City,61
2026-01-21,Elsberry,46,Wright City,43
2026-01-22,Raymore-Peculiar,69,Aurora,46
2026-01-22,Raytown South,65,Belton,63
2026-01-22,Maryville,59,Bishop LeBlond,30
2026-01-22,Bradleyville,43,Blue Eye,79
2026-01-22,Northeast Vernon County,63,Bronaugh,19
2026-01-22,Koshkonong,57,Cabool,63
2026-01-22,Father Tolton,68,Capital City,66
2026-01-22,Odessa,57,Center,63
2026-01-22,Senath-Hornersville,62,Central (New Madrid County),87
2026-01-22,Missouri Military Academy,45,Chamois,50
2026-01-22,Stanberry,83,Clearwater,41
2026-01-22,Clarkton,50,Cooter,66
2026-01-22,Fordland,88,Couch,62
2026-01-22,Vienna,83,Crocker,69
2026-01-22,Doniphan,66,East Prairie,60
2026-01-22,Walnut Grove,79,Everton,48
2026-01-22,St. Charles,52,Ft. Zumwalt West,53
2026-01-22,Southern Boone,65,Fulton,51
2026-01-22,Tuscumbia,78,Golden City,68
2026-01-22,Jasper,44,Greenfield,64
2026-01-22,Clark County,23,Hannibal,73
2026-01-22,Braymer,91,Hardin-Central,33
2026-01-22,McCluer,45,Hazelwood Central,65
2026-01-22,Wright City,35,Houston,67
2026-01-22,Ozark,55,Jefferson City,43
2026-01-22,Webster Groves,76,Joplin,61
2026-01-22,Faith Christian Academy,77,Kingsville,66
2026-01-22,Senath-Hornersville,59,La Plata,45
2026-01-22,KIPP KC Legacy,34,Lafayette (St. Joseph),78
2026-01-22,Camdenton,63,Lebanon,53
2026-01-22,Pierce City,40,Liberal,33
2026-01-22,Lincoln College Prep,41,Liberty,56
2026-01-22,Northeast (Cairo),40,Marceline,36
2026-01-22,North Shelby,66,Marion County,56
2026-01-22,Liberty (Mountain View),79,Marshfield,72
2026-01-22,Chillicothe,48,Moberly,60
2026-01-22,Gideon,49,Naylor,70
2026-01-22,Laquey,77,Newburg,91
2026-01-22,Grandview,32,North Kansas City,65
2026-01-22,Richland (Essex),67,Oak Ridge,60
2026-01-22,Scott County Central,48,Oran,49
2026-01-22,Van-Far,35,Palmyra,65
2026-01-22,Pembroke Hill,62,Park Hill South,66
2026-01-22,West Plains,51,Parkview,48
2026-01-22,Seckman,49,Pattonville,76
2026-01-22,Warrensburg,76,Pleasant Hill,59
2026-01-22,Malden,61,Portageville,47
2026-01-22,Brookfield,47,Putnam County,64
2026-01-22,Hermitage,66,Rich Hill,64
2026-01-22,Van-Far,53,Richland,34
2026-01-22,Blair Oaks,66,Salem,31
2026-01-22,Conway,29,Smithville,85
2026-01-22,St. Pius X (Festus),51,Soldan International Studies,56
2026-01-22,Campbell,53,Summersville,66
2026-01-22,Hogan Prep Academy Charter,56,Southeast,72
2026-01-22,Verona,36,Spokane,73
2026-01-22,Carl Junction,74,Springfield Catholic,58
2026-01-22,Laquey,65,St. Clair,78
2026-01-22,Belle,63,St. Clair,43
2026-01-22,Rolla,64,St. James,51
2026-01-22,Lutheran (Kansas City),37,St. Paul Lutheran (Concordia),63
2026-01-22,Bismarck,73,St. Paul Lutheran (Farmington),33
2026-01-22,Blue Springs South,44,Staley,69
2026-01-22,Cuba,43,Warsaw,45
2026-01-22,Greenwood,68,Winona,56
2026-01-22,Rockhurst,78,St. Charles,33
2026-01-22,Ewing Marion Kauffman,45,University Academy Charter,47
2026-01-22,DeKalb,17,West Nodaway with Nodaway-Holt,53
2026-01-22,Hurley,30,Wheaton,66
2026-01-22,Salem,49,Windsor,53
2026-01-22,Park Hill,69,Winnetonka,49
2026-01-22,North Harrison,40,Worth County,71
2026-01-22,Greenville,76,Zalma,36
2026-01-23,Meadow Heights,29,Advance,65
2026-01-23,North Andrew,54,Albany,39
2026-01-23,Crest Ridge,59,Archie,48
2026-01-23,St. Pius X (Kansas City),52,Barstow,65
2026-01-23,Kickapoo,75,Battle,57
2026-01-23,Oran,38,Bell City,70
2026-01-23,Lincoln College Prep,78,Belton,69
2026-01-23,Puxico,80,Bernie,68
2026-01-23,Pleasant Hope,42,Billings,71
2026-01-23,Duchesne,72,Bishop DuBourg,26
2026-01-23,Cameron,34,Bishop LeBlond,48
2026-01-23,West County,66,Bismarck,59
2026-01-23,Woodland,69,Bloomfield,28
2026-01-23,Veritas Christian Academy,42,Bowling Green,70
2026-01-23,Lutie,37,Bradleyville,68
2026-01-23,Hancock,50,Brentwood,51
2026-01-23,Lockwood,47,Buffalo,44
2026-01-23,East Carter,45,Bunker,56
2026-01-23,Warrensburg,78,California,60
2026-01-23,Harrisonville,53,Carl Junction,59
2026-01-23,Jackson,50,Central (Cape Girardeau),37
2026-01-23,North County,82,Central (Park Hills),51
2026-01-23,Wellsville-Middletown,56,Chadwick,43
2026-01-23,Oak Ridge,40,Chaffee,74
2026-01-23,Vianney,74,Christian Brothers College,79
2026-01-23,Ava,35,Clever,45
2026-01-23,Adrian,67,Clinton,73
2026-01-23,Bunceton,21,Columbia Independent,74
2026-01-23,Father Tolton,63,Confluence Prep Academy Charter,73
2026-01-23,Hillsboro,62,DeSoto,27
2026-01-23,Central (New Madrid County),44,Dexter,73
2026-01-23,Iberia,49,Dixon,78
2026-01-23,Lawson,40,East Buchanan,57
2026-01-23,Doniphan,66,East Prairie,60
2026-01-23,Marion C. Early,51,El Dorado Springs,60
2026-01-23,Walnut Grove,79,Everton,48
2026-01-23,Kearney,69,Excelsior Springs,36
2026-01-23,Climax Springs,64,Fair Play,47
2026-01-23,Eldon,49,Fatima,45
2026-01-23,Linn,56,Fayette,66
2026-01-23,Galena,63,Forsyth,69
2026-01-23,Central (St. Joseph),56,Fort Osage,51
2026-01-23,Poplar Bluff,69,Fox,52
2026-01-23,Troy Buchanan,74,Francis Howell North,72
2026-01-23,North Point,45,Ft. Zumwalt East,47
2026-01-23,Delta (Deering),54,Gideon,48
2026-01-23,Worth County,37,Glasgow,62
2026-01-23,McAuley Catholic,52,Golden City,48
2026-01-23,Blue Springs,61,Grain Valley,57
2026-01-23,Boonville,63,Hallsville,54
2026-01-23,Eugene,54,Harrisburg,39
2026-01-23,Jefferson (Festus),72,Herculaneum,42
2026-01-23,St. Francis Borgia,41,Hermann,39
2026-01-23,Halfway,59,Hermitage,54
2026-01-23,Chaminade College Prep,82,Hickman,38
2026-01-23,Central (Springfield),60,Hillcrest,81
2026-01-23,Risco,74,Holcomb,63
2026-01-23,Lafayette County,81,Holden,45
2026-01-23,Blue Eye,55,Hollister,52
2026-01-23,Ballard,40,Hume,10
2026-01-23,New Franklin,72,Jamestown,39
2026-01-23,Midway,11,Jasper,55
2026-01-23,MICDS,68,John Burroughs,48
2026-01-23,Branson,82,Joplin,59
2026-01-23,Delta,79,Kelly,40
2026-01-23,Norborne,63,Keytesville,16
2026-01-23,Arcadia Valley,74,Kingston,59
2026-01-23,Northland Christian,27,Kingsville,70
2026-01-23,North Shelby,51,Knox County,36
2026-01-23,Smithton,72,La Monte,49
2026-01-23,South Shelby,52,La Plata,53
2026-01-23,Mehlville,64,Ladue Horton Watkins,79
2026-01-23,Lee's Summit West,65,Lafayette (St. Joseph),53
2026-01-23,North Kansas City,66,Lafayette (Wildwood),56
2026-01-23,Appleton City,60,Lakeland,31
2026-01-23,Mt. Vernon,70,Lamar,67
2026-01-23,Lee's Summit North,52,Lee's Summit,59
2026-01-23,Richmond,60,Lexington,69
2026-01-23,Raytown South,59,Liberty,72
2026-01-23,Francis Howell,49,Liberty (Wentzville),36
2026-01-23,Blue Springs South,63,Liberty North,47
2026-01-23,Pattonville,68,Lindbergh,60
2026-01-23,Hartville,41,Logan-Rogersville,56
2026-01-23,Sweet Springs,32,Lone Jack,74
2026-01-23,South Pemiscot,63,Louisiana,62
2026-01-23,Priory,52,Lutheran North,57
2026-01-23,Hannibal,36,Macon,37
2026-01-23,Bayless,59,Maplewood-Richmond Hts.,62
2026-01-23,Liberty (Mountain View),79,Marshfield,72
2026-01-23,Kirkwood,41,McCluer North,53
2026-01-23,Northwestern (Mendon),37,Meadville,79
2026-01-23,Grundy County with Newtown-Harris,37,Mercer,51
2026-01-23,Kirksville,33,Mexico,53
2026-01-23,Bolivar,63,Monett,44
2026-01-23,Chilhowee,42,Montrose,37
2026-01-23,Northeast Nodaway,59,Mound City,77
2026-01-23,Gainesville,52,Mountain Grove,76
2026-01-23,Cassville,26,Neosho,83
2026-01-23,Clopton,46,North Callaway,52
2026-01-23,Mid-Buchanan,55,North Platte,51
2026-01-23,South Callaway,49,Northeast Vernon County,37
2026-01-23,Normandy Collaborative,51,Northwest (Cedar Hill),65
2026-01-23,Lincoln,49,Northwest (Hughesville),34
2026-01-23,Charleston,56,Notre Dame (Cape Girardeau),60
2026-01-23,Parkway Central,49,Oakville,35
2026-01-23,Warrenton,49,Orchard Farm,72
2026-01-23,Centralia,48,Osage,81
2026-01-23,Drexel,72,Osceola,37
2026-01-23,Green Ridge,77,Otterville,60
2026-01-23,Rockhurst,63,Park Hill South,52
2026-01-23,Rockwood Summit,60,Parkway South,56
2026-01-23,Ritenour,40,Parkway West,43
2026-01-23,West Platte,59,Penney,56
2026-01-23,Festus,69,Perryville,32
2026-01-23,Thomas Jefferson Independent Day,46,Pierce City,23
2026-01-23,Prairie Home,64,Pilot Grove,72
2026-01-23,Lathrop,30,Plattsburg,69
2026-01-23,Malden,61,Portageville,47
2026-01-23,St. Michael the Archangel,64,Raytown,57
2026-01-23,Spokane,51,Reeds Spring,35
2026-01-23,Crocker,80,Richland,53
2026-01-23,Leopold,69,Richland (Essex),39
2026-01-23,Blair Oaks,59,Rolla,66
2026-01-23,Rock Bridge,74,Ruskin,58
2026-01-23,St. Paul Lutheran (Concordia),62,Scott County Central,38
2026-01-23,Senath-Hornersville,66,Schuyler County,54
2026-01-23,St. Vincent,64,Seneca,73
2026-01-23,Summersville,50,Senath-Hornersville,62
2026-01-23,Versailles,68,Sherwood,40
2026-01-23,Kennett,33,Sikeston,92
2026-01-23,Sarcoxie,43,South Shelby,61
2026-01-23,Madison,31,Salem,66
2026-01-23,Platte County,36,Sparta,45
2026-01-23,Fair Grove,60,Union,59
2026-01-23,Vienna,45,Van-Far,73
2026-01-23,Salem,53,St. James,75
2026-01-23,Princeton,63,St. Joseph Christian,28
2026-01-23,Saxony Lutheran,40,St. Pius X (Festus),47
2026-01-23,Fredericktown,53,Ste. Genevieve,59
2026-01-23,Clayton,80,STEAM Academy,49
2026-01-23,Waynesville,51,Warsaw,35
2026-01-23,Cole Camp,62,Willard,44
2026-01-23,Greenwood,68,Winona,56
2026-01-23,Tuscumbia,67,Webb City,49
2026-01-23,Oak Grove,45,Summit Christian Academy,55
2026-01-23,Ft. Zumwalt South,56,Timberland,46
2026-01-23,Pembroke Hill,59,St. Charles,64
2026-01-23,Neelyville,74,St. Clair,76
2026-01-23,St. James,67,Union Star,28
2026-01-23,Marquette,63,University City,42
2026-01-23,McKinley Classical Leadership,70,Valley Park,83
2026-01-23,Macks Creek,53,Weaubleau,42
2026-01-23,Willard,58,Webster Groves,72
2026-01-23,DeKalb,17,West Nodaway with Nodaway-Holt,52
2026-01-23,Hazelwood West,28,Westminster Christian Academy,60
2026-01-23,Schuyler County,65,Westran,49
2026-01-23,Hurley,30,Wheaton,66
2026-01-23,Metro,20,Whitfield,96
2026-01-23,Mansfield,63,Willow Springs,62
2026-01-23,Holt,62,Winfield,52
2026-01-23,North Harrison,40,Worth County,71
2026-01-24,Van-Far,58,Canton,62
2026-01-24,Iberia,49,Dixon,78
2026-01-24,Palmyra,44,Monroe City,33
2026-01-26,St. James,51,Albany,61
2026-01-26,Osceola,36,Appleton City,51
2026-01-26,Fort Osage,66,Barstow,68
2026-01-26,Norborne,47,Bevier,50
2026-01-26,Crystal City,51,Bismarck,66
2026-01-26,North Andrew,67,Cameron,41
2026-01-26,King City,64,DeKalb,17
2026-01-26,Lathrop,21,Gallatin,65
2026-01-26,Warsaw,52,Hermitage,55
2026-01-26,Lutheran St. Charles,47,Kirkwood,52
2026-01-26,Vienna,54,Maysville,64
2026-01-26,St. Joseph Christian,36,Mid-Buchanan,73
2026-01-26,Plattsburg,48,Northland Christian,63
2026-01-26,SLUH,39,Parkway West,46
2026-01-26,Union Star,21,Princeton,65
2026-01-26,Penney,52,Savannah,38
2026-01-26,Center,70,Southeast,29
2026-01-26,Calvary Lutheran,69,Van-Far,65
2026-01-26,Thayer,64,Wellsville-Middletown,61
2026-01-27,Rich Hill,47,Adrian,67
2026-01-27,Midway,42,Archie,77
2026-01-27,Marion County,58,Atlanta,81
2026-01-27,New Haven,42,Belle,60
2026-01-27,William Chrisman,56,Belton,77
2026-01-27,St. Pius X (Kansas City),22,Benton,74
2026-01-27,Norborne,47,Bevier,50
2026-01-27,Fayette,29,Blair Oaks,86
2026-01-27,Fort Osage,36,Blue Springs South,99
2026-01-27,Elsberry,44,Bowling Green,57
2026-01-27,Sweet Springs,27,Brunswick,78
2026-01-27,Lone Jack,63,Butler,44
2026-01-27,Oak Park,71,Central (St. Joseph),31
2026-01-27,Fulton,51,Centralia,60
2026-01-27,Miami (Amoret),51,Chilhowee,43
2026-01-27,Van-Far,46,Clopton,51
2026-01-27,Tuscumbia,58,Columbia Independent,62
2026-01-27,Concordia,26,Crest Ridge,58
2026-01-27,Owensville,60,Cuba,39
2026-01-27,Rolla,72,De Smet Jesuit,84
2026-01-27,Trenton,42,East Buchanan,69
2026-01-27,Eugene,79,Eldon,41
2026-01-27,McCluer North,37,Eureka,49
2026-01-27,Farmington,58,Festus,65
2026-01-27,Ft. Zumwalt South,63,Ft. Zumwalt East,28
2026-01-27,Francis Howell North,66,Ft. Zumwalt West,74
2026-01-27,Winnetonka,56,Grandview,40
2026-01-27,Brashear,52,Green City,69
2026-01-27,Linn,34,Hallsville,70
2026-01-27,Marshall,70,Harrisburg,64
2026-01-27,St. Clair,36,Hermann,45
2026-01-27,Pleasant Hill,76,Holden,42
2026-01-27,Orchard Farm,69,Holt,50
2026-01-27,Vienna,68,Iberia,55
2026-01-27,Northwestern (Mendon),60,Keytesville,26
2026-01-27,Lexington,64,Knob Noster,69
2026-01-27,St. Elizabeth,61,Lafayette County,63
2026-01-27,Wheatland,60,Lakeland,26
2026-01-27,Liberty North,48,Lee's Summit North,72
2026-01-27,Staley,69,Lee's Summit West,41
2026-01-27,Southeast,21,Lincoln College Prep,74
2026-01-27,South Pemiscot,44,Louisiana,67
2026-01-27,Macon,66,Mark Twain,32
2026-01-27,West Nodaway with Nodaway-Holt,40,Maryville,57
2026-01-27,McKinley Classical Leadership,77,Metro,46
2026-01-27,Brookfield,82,Milan,20
2026-01-27,Gateway,46,Miller Career Academy,63
2026-01-27,Kirksville,62,Moberly,61
2026-01-27,North Platte,80,Mound City,58
2026-01-27,Glendale,75,Neosho,60
2026-01-27,Schuyler County,71,New Bloomfield,32
2026-01-27,Worth County,30,New Franklin,50
2026-01-27,Winfield,59,North Callaway,57
2026-01-27,Plattsburg,48,Northland Christian,63
2026-01-27,La Plata,62,Novinger,41
2026-01-27,St. Paul Lutheran (Concordia),60,Orrick,36
2026-01-27,Canton,48,Palmyra,61
2026-01-27,Liberty,44,Park Hill South,64
2026-01-27,Tri-County,49,Pattonsburg,56
2026-01-27,Lee's Summit,72,Raymore-Peculiar,55
2026-01-27,Sparta,44,Raytown South,55
2026-01-27,Hillcrest,50,Republic,47
2026-01-27,Raytown,51,Ruskin,34
2026-01-27,Cole Camp,39,Sacred Heart,70
2026-01-27,Marionville,51,Sarcoxie,57
2026-01-27,Schuyler County,65,Senath-Hornersville,51
2026-01-27,University Academy Charter,66,Sherwood,44
2026-01-27,Versailles,45,Savannah,79
2026-01-27,West Platte,49,Stover,62
2026-01-27,Calvary Lutheran,69,Van-Far,65
2026-01-27,Affton,75,St. Pius X (Festus),59
2026-01-27,North Kansas City,72,St. Charles,40
2026-01-27,Ladue Horton Watkins,37,Westminster Christian Academy,59
2026-01-27,Community,35,Westran,70
2026-01-27,Rock Port,71,Worth County,62
2026-01-28,Osceola,36,Appleton City,51
2026-01-28,Billings,58,Ava,47
2026-01-28,Hancock,36,Bayless,79
2026-01-28,New Haven,42,Belle,60
2026-01-28,Brentwood,53,Bishop DuBourg,60
2026-01-28,Faith Christian Academy,66,Bishop LeBlond,49
2026-01-28,Willow Springs,53,Blue Eye,62
2026-01-28,Fatima,38,Boonville,55
2026-01-28,Sweet Springs,27,Brunswick,78
2026-01-28,Osage,66,Camdenton,55
2026-01-28,St. Joseph Christian,43,Cameron,50
2026-01-28,Scott County Central,31,Carrollton,69
2026-01-28,Marceline,28,Chillicothe,56
2026-01-28,Paseo Academy,56,Crossroads Prep Charter,40
2026-01-28,Owensville,60,Cuba,39
2026-01-28,Rolla,72,De Smet Jesuit,84
2026-01-28,Vienna,62,DeKalb,37
2026-01-28,St. Charles West,65,Duchesne,19
2026-01-28,Eugene,79,Eldon,41
2026-01-28,Lawson,52,Excelsior Springs,46
2026-01-28,Parkway South,67,Ft. Zumwalt East,47
2026-01-28,Webster Groves,84,Ft. Zumwalt North,45
2026-01-28,Union,63,Gainesville,57
2026-01-28,Mansfield,68,Galena,60
2026-01-28,Jamestown,33,Glasgow,62
2026-01-28,Putnam County,48,Green City,52
2026-01-28,Meadville,64,Grundy County with Newtown-Harris,37
2026-01-28,Hume,20,Harrisonville,86
2026-01-28,Father Tolton,45,Hazelwood East,51
2026-01-28,St. Clair,36,Hermann,45
2026-01-28,Warsaw,52,Hermitage,55
2026-01-28,Mexico,54,Hickman,59
2026-01-28,Kickapoo,75,Joplin,43
2026-01-28,Maysville,43,King City,55
2026-01-28,Lutheran St. Charles,47,Kirkwood,52
2026-01-28,Windsor,50,Leeton,36
2026-01-28,Mercer,57,Linn County,53
2026-01-28,El Dorado Springs,39,Lockwood,59
2026-01-28,Father Tolton,54,Lutheran St. Charles,28
2026-01-28,Macon,66,Mark Twain,32
2026-01-28,Vianney,45,MICDS,61
2026-01-28,Warrenton,52,Montgomery County,35
2026-01-28,Climax Springs,79,Montrose,15
2026-01-28,West Platte,68,Mound City,42
2026-01-28,Glendale,75,Neosho,60
2026-01-28,Clinton,40,Nevada,55
2026-01-28,Tipton,72,Newburg,44
2026-01-28,Union Star,35,North Nodaway,39
2026-01-28,St. James,59,Northeast Nodaway,55
2026-01-28,Herculaneum,65,Northwest (Cedar Hill),72
2026-01-28,Ewing Marion Kauffman,60,Odessa,63
2026-01-28,Liberty (Wentzville),49,Parkway Central,55
2026-01-28,Windsor (Imperial),60,Parkway North,63
2026-01-28,SLUH,36,Parkway West,43
2026-01-28,Braymer,51,Plattsburg,28
2026-01-28,Spokane,63,Pleasant Hope,52
2026-01-28,Bunceton,24,Prairie Home,72
2026-01-28,St. Dominic,71,Priory,24
2026-01-28,Lathrop,22,Savannah,60
2026-01-28,Washington,49,Sikeston,61
2026-01-28,Pilot Grove,70,Salem,57
2026-01-28,Versailles,45,Savannah,79
2026-01-28,Capital City,49,Southern Boone,47
2026-01-28,Wright City,23,St. James,68
2026-01-28,Pacific,61,Webb City,39
2026-01-28,St. Elizabeth,67,Trenton,45
2026-01-28,Rock Bridge,66,Troy Buchanan,28
2026-01-28,Central (Springfield),66,Webb City,69
2026-01-28,Thayer,64,Wellsville-Middletown,61
2026-01-28,Mountain Grove,76,West Plains,69
2026-01-28,John Burroughs,63,Whitfield,55
2026-01-29,Harrisonville,78,Adrian,44
2026-01-29,Wheatland,59,Appleton City,20
2026-01-29,Lone Jack,64,Archie,56
2026-01-29,Blue Eye,56,Billings,64
2026-01-29,Affton,77,Bishop DuBourg,44
2026-01-29,Barstow,35,Blue Springs South,78
2026-01-29,Savannah,65,Boonville,55
2026-01-29,Clopton,52,Bowling Green,43
2026-01-29,School of the Ozarks,57,Bradleyville,44
2026-01-29,Fair Play,68,Bronaugh,30
2026-01-29,Midway,41,Butler,64
2026-01-29,Eldon,50,Camdenton,53
2026-01-29,Northeast (Cairo),68,Canton,56
2026-01-29,Branson,91,Central (Springfield),82
2026-01-29,Blair Oaks,73,Centralia,56
2026-01-29,Hermitage,41,Climax Springs,51
2026-01-29,Westran,70,Conway,59
2026-01-29,Pleasant Hill,55,Crest Ridge,50
2026-01-29,Waynesville,71,De Smet Jesuit,54
2026-01-29,Lafayette County,47,East Buchanan,55
2026-01-29,Van-Far,71,Elsberry,60
2026-01-29,Versailles,53,Fatima,64
2026-01-29,Niangua,34,Fordland,83
2026-01-29,Clayton,79,Fox,31
2026-01-29,Francis Howell Central,67,Ft. Zumwalt South,52
2026-01-29,Francis Howell,59,Ft. Zumwalt West,48
2026-01-29,Fayette,41,Fulton,80
2026-01-29,Penney,39,Gallatin,44
2026-01-29,Fair Grove,48,Greenwood,47
2026-01-29,Linn County,59,Grundy County with Newtown-Harris,43
2026-01-29,Marshall,53,Hallsville,61
2026-01-29,Linn,52,Harrisburg,69
2026-01-29,Kirkwood,37,Hazelwood East,35
2026-01-29,Belle,52,Hermann,48
2026-01-29,Park Hill,55,Hillcrest,49
2026-01-29,Concordia,39,Holden,62
2026-01-29,Rich Hill,61,Hume,20
2026-01-29,Helias Catholic,80,Jefferson City,50
2026-01-29,University Academy Charter,62,Knob Noster,53
2026-01-29,Osceola,54,Lakeland,34
2026-01-29,St. Francis Borgia,50,Lebanon,39
2026-01-29,Sherwood,30,Lexington,72
2026-01-29,Dadeville,60,Lockwood,37
2026-01-29,Whitfield,31,Logan-Rogersville,71
2026-01-29,Winfield,52,Louisiana,59
2026-01-29,Lift for Life Academy Charter,59,Lutheran South,54
2026-01-29,Father Tolton,56,Lutheran St. Charles,30
2026-01-29,Union,60,Mansfield,71
2026-01-29,Staley,60,Marquette,67
2026-01-29,Mt. Vernon,76,Marshfield,67
2026-01-29,New Covenant Academy,27,McAuley Catholic,62
2026-01-29,South Callaway,45,Miami (Amoret),61
2026-01-29,North Andrew,40,Mid-Buchanan,71
2026-01-29,Wright City,45,Montgomery County,50
2026-01-29,Warsaw,54,Montrose,15
2026-01-29,Worth County,50,New Bloomfield,56
2026-01-29,Schuyler County,45,New Franklin,27
2026-01-29,Verona,24,New Heights Christian,85
2026-01-29,Tipton,72,Newburg,42
2026-01-29,Notre Dame (Cape Girardeau),39,Nixa,67
2026-01-29,South Pemiscot,59,North Callaway,72
2026-01-29,Pattonsburg,42,North Harrison,63
2026-01-29,Stover,48,North Platte,87
2026-01-29,Thayer,52,Northwestern (Mendon),73
2026-01-29,Eugene,78,Osage,62
2026-01-29,Parkway West,50,Parkway Central,57
2026-01-29,Mehlville,43,Pattonville,71
2026-01-29,Grain Valley,64,Platte County,32
2026-01-29,Spokane,63,Pleasant Hope,52
2026-01-29,Knox County,42,Putnam County,68
2026-01-29,South Shelby,78,Richland,46
2026-01-29,Oakville,65,Ritenour,46
2026-01-29,Union,58,Rockwood Summit,56
2026-01-29,Confluence Prep Academy Charter,88,Roosevelt,30
2026-01-29,Calvary Lutheran,62,Sarcoxie,89
2026-01-29,Chilhowee,44,Sacred Heart,68
2026-01-29,Scott County Central,24,Seneca,85
2026-01-29,Washington,49,Sikeston,61
2026-01-29,Liberty (Wentzville),32,SLUH,66
2026-01-29,Westran,37,Slater,49
2026-01-29,New Haven,44,St. Clair,57
2026-01-29,Warrenton,46,St. James,66
2026-01-29,Kearney,67,St. Pius X (Kansas City),45
2026-01-29,Kelly,64,St. Vincent,80
2026-01-29,Golden City,61,Thomas Jefferson Independent Day,66
2026-01-29,North Point,53,Timberland,70
2026-01-29,Lee's Summit West,44,St. Charles,53
2026-01-29,Webster Groves,72,University City,41
2026-01-29,El Dorado Springs,73,Walnut Grove,55
2026-01-29,Bolivar,78,Warrensburg,47
2026-01-29,Keytesville,11,Wellsville-Middletown,20
2026-01-29,Thayer,49,West Plains,78
2026-01-30,Bernie,60,Advance,58
2026-01-30,Maysville,45,Albany,49
2026-01-30,Valley,52,Arcadia Valley,77
2026-01-30,Pierce City,50,Ash Grove,51
2026-01-30,Willow Springs,53,Ava,58
2026-01-30,Northwest (Cedar Hill),49,Bayless,46
2026-01-30,Raytown,63,Belton,54
2026-01-30,Madison,36,Bevier,53
2026-01-30,Metro,47,Bishop DuBourg,59
2026-01-30,Puxico,62,Bloomfield,21
2026-01-30,Grain Valley,58,Blue Springs South,70
2026-01-30,Branson,51,Bolivar,56
2026-01-30,Houston,72,Bourbon,31
2026-01-30,La Plata,43,Brashear,62
2026-01-30,Maryville,56,Braymer,20
2026-01-30,Pilot Grove,46,Brunswick,76
2026-01-30,Rich Hill,61,Butler,67
2026-01-30,Southern Boone,63,California,49
2026-01-30,Bunceton,21,Calvary Lutheran,60
2026-01-30,West Platte,68,Cameron,44
2026-01-30,Ft. Zumwalt South,43,Capital City,47
2026-01-30,Glasgow,78,Carrollton,57
2026-01-30,Seneca,39,Cassville,61
2026-01-30,Raytown South,41,Center,38
2026-01-30,Gloria Deo Academy,46,Chadwick,52
2026-01-30,Christian Brothers College,61,Chaminade College Prep,62
2026-01-30,Columbia Independent,54,Christian Fellowship Sr.,60
2026-01-30,Sherwood,44,Concordia,40
2026-01-30,Hogan Prep Academy Charter,49,Crossroads Prep Charter,60
2026-01-30,Northeast Nodaway,61,DeKalb,42
2026-01-30,Bell City,51,Dexter,76
2026-01-30,Miller,46,Diamond,35
2026-01-30,Monett,52,East Newton,43
2026-01-30,Hazelwood Central,50,Eureka,61
2026-01-30,Buffalo,57,Fair Grove,73
2026-01-30,Linn,46,Fayette,48
2026-01-30,Bunker,55,Festus,50
2026-01-30,Tipton,80,Fordland,76
2026-01-30,Winona,48,Forsyth,71
2026-01-30,Troy Buchanan,65,Ft. Zumwalt North,62
2026-01-30,Galena,81,Gainesville,85
2026-01-30,Cooter,68,Gideon,55
2026-01-30,Webb City,54,Glendale,59
2026-01-30,Herculaneum,43,Hancock,38
2026-01-30,Wellington-Napoleon,47,Hardin-Central,34
2026-01-30,Thayer,56,Hartville,49
2026-01-30,Parkway West,52,Hazelwood East,37
2026-01-30,MICDS,82,Hickman,58
2026-01-30,Whitfield,58,Hillcrest,71
2026-01-30,Lexington,57,Holden,54
2026-01-30,Clever,64,Hollister,39
2026-01-30,St. Charles,28,Holt,59
2026-01-30,Fair Play,35,Humansville,53
2026-01-30,Midway,59,Hume,30
2026-01-30,Bradleyville,74,Hurley,44
2026-01-30,Ladue Horton Watkins,43,Jackson,64
2026-01-30,Scott County Central,56,Jamestown,67
2026-01-30,Liberal,55,Jasper,50
2026-01-30,DeSoto,43,Jefferson (Festus),63
2026-01-30,Westminster Christian Academy,51,John Burroughs,37
2026-01-30,Grandview,38,Kearney,47
2026-01-30,Neosho,27,Kickapoo,80
2026-01-30,Hannibal,55,Kirksville,47
2026-01-30,Parkway Central,62,Kirkwood,56
2026-01-30,Schuyler County,75,Knox County,63
2026-01-30,Northwest (Hughesville),67,La Monte,31
2026-01-30,Nevada,66,Lamar,38
2026-01-30,Iberia,59,Laquey,66
2026-01-30,Brookfield,54,Lawson,57
2026-01-30,Lutheran South,32,Lebanon,49
2026-01-30,Blue Springs,57,Lee's Summit,75
2026-01-30,Dixon,54,Licking,51
2026-01-30,Lafayette (Wildwood),49,Lindbergh,52
2026-01-30,Purdy,38,Lockwood,54
2026-01-30,Park Hill,32,Logan-Rogersville,62
2026-01-30,Liberty (Wentzville),55,Lutheran St. Charles,35
2026-01-30,Tuscumbia,53,Macks Creek,56
2026-01-30,Palmyra,49,Macon,32
2026-01-30,Kennett,46,Malden,58
2026-01-30,Pleasant Hope,56,Marion C. Early,72
2026-01-30,Marion County,40,Mark Twain,49
2026-01-30,Nixa,71,Marquette,82
2026-01-30,Exeter,25,McAuley Catholic,56
2026-01-30,Crystal City,46,Meadow Heights,79
2026-01-30,Mercer,23,Meadville,80
2026-01-30,Drexel,64,Miami (Amoret),48
2026-01-30,Green City,56,Milan,14
2026-01-30,Clark County,27,Monroe City,57
2026-01-30,Lakeland,65,Montrose,44
2026-01-30,St. Joseph Christian,26,Mound City,35
2026-01-30,Norwood,63,Mountain Grove,58
2026-01-30,Stanberry,58,Neelyville,56
2026-01-30,Smithville,85,New Covenant Academy,41
2026-01-30,Niangua,55,Newburg,92
2026-01-30,Central (St. Joseph),25,North Kansas City,81
2026-01-30,Tri-County,41,North Nodaway,55
2026-01-30,Francis Howell North,81,North Point,47
2026-01-30,Thayer,52,Northwestern (Mendon),73
2026-01-30,Staley,68,Notre Dame (Cape Girardeau),35
2026-01-30,Atlanta,59,Novinger,57
2026-01-30,St. Paul Lutheran (Concordia),45,Oak Grove,57
2026-01-30,Leopold,72,Oran,31
2026-01-30,Duchesne,39,Orchard Farm,69
2026-01-30,Northland Christian,44,Orrick,56
2026-01-30,Warsaw,38,Osceola,62
2026-01-30,Salem,64,Owensville,46
2026-01-30,Joplin,51,Ozark,73
2026-01-30,Valley Park,67,Pacific,64
2026-01-30,Oak Park,53,Park Hill South,37
2026-01-30,St. Dominic,77,Parkway North,39
2026-01-30,Lincoln College Prep,78,Paseo Academy,22
2026-01-30,Crocker,104,Plato,81
2026-01-30,Fort Osage,55,Platte County,59
2026-01-30,Richmond,82,Polo,70
2026-01-30,Vienna,69,Prairie Home,40
2026-01-30,Lee's Summit North,52,Raymore-Peculiar,51
2026-01-30,Springfield Catholic,78,Reeds Spring,43
2026-01-30,Helias Catholic,56,Republic,57
2026-01-30,Conway,46,Richland,68
2026-01-30,Woodland,83,Richland (Essex),50
2026-01-30,Washington,44,Rockwood Summit,55
2026-01-30,Battle,83,Rolla,77
2026-01-30,St. Elizabeth,41,Savannah,64
2026-01-30,Doniphan,56,Saxony Lutheran,53
2026-01-30,Canton,62,Senath-Hornersville,77
2026-01-30,Parkway South,33,Seckman,58
2026-01-30,Chilhowee,33,South Callaway,48
2026-01-30,Union,39,Sikeston,81
2026-01-30,Westran,76,South Shelby,74
2026-01-30,Sweet Springs,48,Salem,68
2026-01-30,Father Tolton,36,SLUH,60
2026-01-30,Willard,68,Smithton,52
2026-01-30,St. Charles,63,Sparta,62
2026-01-30,Vienna,52,St. James,48
2026-01-30,Highland,32,South Shelby,57
2026-01-30,Ft. Zumwalt East,40,St. Charles West,64
2026-01-30,Lift for Life Academy Charter,63,St. Francis Borgia,70
2026-01-30,Rock Bridge,58,Webster Groves,61
2026-01-30,McKinley Classical Leadership,85,St. Paul Lutheran (Farmington),60
2026-01-30,Miller Career Academy,83,St. Pius X (Festus),66
2026-01-30,North County,62,Ste. Genevieve,75
2026-01-30,Affton,63,STEAM Academy,57
2026-01-30,Sarcoxie,40,Wellsville-Middletown,62
2026-01-30,KIPP St. Louis Sr.,35,Webb City,69
2026-01-30,Greenfield,43,Thomas Jefferson Independent Day,81
2026-01-30,Bismarck,47,Valle Catholic,71
2026-01-30,William Chrisman,33,Versailles,64
2026-01-30,Hazelwood West,37,Vianney,79
2026-01-30,Central (Springfield),64,Warrensburg,62
2026-01-30,Northeast Vernon County,50,Weaubleau,66
2026-01-30,Kingston,51,West County,63
2026-01-30,New Heights Christian,85,Wheaton,60
2026-01-30,Priory,44,Windsor (Imperial),55
2026-01-30,West Nodaway with Nodaway-Holt,56,Worth County,51
2026-01-31,Archie,62,Adrian,36
2026-01-31,Richland (Essex),40,Advance,59
2026-01-31,Hermitage,60,Appleton City,57
2026-01-31,Gainesville,57,Ava,47
2026-01-31,Pacific,54,Bayless,61
2026-01-31,Bloomfield,39,Bell City,57
2026-01-31,Carl Junction,38,Benton,62
2026-01-31,Woodland,69,Bernie,79
2026-01-31,Northwestern (Mendon),71,Bevier,80
2026-01-31,Mansfield,57,Billings,48
2026-01-31,Ewing Marion Kauffman,60,Bishop LeBlond,37
2026-01-31,Hallsville,55,Blair Oaks,56
2026-01-31,Union,57,Blue Eye,52
2026-01-31,Republic,53,Bolivar,47
2026-01-31,Osage,60,Boonville,65
2026-01-31,Winfield,43,Bowling Green,45
2026-01-31,Helias Catholic,82,Branson,64
2026-01-31,Glasgow,58,Brunswick,69
2026-01-31,Higbee,44,Buffalo,54
2026-01-31,Fatima,39,Camdenton,46
2026-01-31,West Platte,68,Cameron,44
2026-01-31,Pilot Grove,55,Carrollton,69
2026-01-31,Summersville,71,Caruthersville,83
2026-01-31,West County,70,Central (Park Hills),57
2026-01-31,Marshall,53,Centralia,58
2026-01-31,Scott County Central,37,Chaffee,80
2026-01-31,Wheatland,41,Climax Springs,51
2026-01-31,Sacred Heart,52,Cole Camp,49
2026-01-31,Niangua,52,Conway,71
2026-01-31,Knob Noster,65,Crest Ridge,59
2026-01-31,Puxico,61,Dexter,58
2026-01-31,Gallatin,49,East Buchanan,58
2026-01-31,Oran,50,East Prairie,64
2026-01-31,Versailles,65,Eldon,53
2026-01-31,South Shelby,58,Fordland,65
2026-01-31,Priory,66,Ft. Zumwalt North,71
2026-01-31,Harrisburg,60,Fulton,46
2026-01-31,Willow Springs,89,Galena,59
2026-01-31,Otterville,30,Green Ridge,51
2026-01-31,Leeton,35,Halfway,61
2026-01-31,KIPP St. Louis Sr.,54,Hancock,58
2026-01-31,Polo,51,Hardin-Central,44
2026-01-31,Lone Jack,52,Harrisonville,69
2026-01-31,Warrenton,47,Hermann,55
2026-01-31,Staley,64,Hillcrest,48
2026-01-31,Central (Springfield),63,Jefferson City,73
2026-01-31,Delta,83,Kelly,59
2026-01-31,Penney,60,Lafayette County,37
2026-01-31,Sarcoxie,48,Liberty (Mountain View),60
2026-01-31,Willard,28,Lincoln,53
2026-01-31,Clopton,50,Louisiana,60
2026-01-31,Thayer,51,Madison,62
2026-01-31,Portageville,63,Malden,74
2026-01-31,Logan-Rogersville,90,Marquette,50
2026-01-31,North Shelby,49,Meadville,52
2026-01-31,North Platte,66,Mid-Buchanan,62
2026-01-31,East Carter,64,Neelyville,61
2026-01-31,Wright City,46,New Haven,53
2026-01-31,Stover,50,North Andrew,61
2026-01-31,Van-Far,58,North Callaway,47
2026-01-31,Princeton,85,North Harrison,67
2026-01-31,Oak Park,67,North Kansas City,65
2026-01-31,Valley Park,66,Northwest (Cedar Hill),55
2026-01-31,Windsor,64,Northwest (Hughesville),57
2026-01-31,Whitfield,70,Notre Dame (Cape Girardeau),66
2026-01-31,Seneca,85,Oak Ridge,33
2026-01-31,Faith Christian Academy,74,Odessa,62
2026-01-31,Nixa,70,Park Hill,60
2026-01-31,Rock Bridge,61,Parkway North,43
2026-01-31,St. Vincent,33,Perryville,32
2026-01-31,University Academy Charter,60,Pleasant Hill,86
2026-01-31,Newburg,65,Richland,57
2026-01-31,Wellington-Napoleon,57,Richmond,52
2026-01-31,Lebanon,42,Rockwood Summit,57
2026-01-31,Campbell,54,Senath-Hornersville,62
2026-01-31,St. Francis Borgia,47,Sikeston,59
2026-01-31,Jamestown,47,Salem,62
2026-01-31,Eugene,44,Savannah,47
2026-01-31,Schuyler County,65,Slater,44
2026-01-31,Montgomery County,47,St. Clair,51
2026-01-31,Webster Groves,63,St. Dominic,69
2026-01-31,Belle,36,St. James,62
2026-01-31,Cuba,33,Warsaw,60
2026-01-31,Tipton,65,Westran,59
2026-01-31,Herculaneum,60,Webb City,61
2026-01-31,Windsor (Imperial),47,Troy Buchanan,58
2026-01-31,Lift for Life Academy Charter,81,Union,61
2026-01-31,Lutheran South,39,Washington,65
2026-01-31,Norborne,50,Wellsville-Middletown,37
2026-01-31,New Franklin,46,Westran,53
2026-02-02,Bell City,49,Advance,55
2026-02-02,Crystal City,51,Bismarck,66
2026-02-02,Gateway,60,Brentwood,53
2026-02-02,Diamond,52,Buffalo,57
2026-02-02,Battle,67,Cardinal Ritter,83
2026-02-02,Ozark,59,Carthage,47
2026-02-02,Hurley,18,Chadwick,65
2026-02-02,Prairie Home,48,Christian Fellowship Sr.,67
2026-02-02,Bunceton,23,Community,64
2026-02-02,Pacific,46,Cuba,50
2026-02-02,Clarkton,66,Delta (Deering),59
2026-02-02,Fair Play,66,Everton,41
2026-02-02,Schuyler County,70,Fayette,42
2026-02-02,Kirksville,37,Ft. Zumwalt South,51
2026-02-02,Miami (Amoret),54,Hume,37
2026-02-02,Lexington,42,Knob Noster,69
2026-02-02,Smithton,57,La Monte,48
2026-02-02,Senath-Hornersville,68,La Plata,30
2026-02-02,Trenton,60,Lathrop,42
2026-02-02,Dora,40,Mansfield,88
2026-02-02,Penney,41,Maysville,54
2026-02-02,Maplewood-Richmond Hts.,80,Mehlville,69
2026-02-02,St. Pius X (Festus),62,Metro,32
2026-02-02,Maryville,44,Mid-Buchanan,51
2026-02-02,South Shelby,55,Miller,46
2026-02-02,Ballard,55,Montrose,26
2026-02-02,Iberia,60,Newburg,67
2026-02-02,Wright City,56,North Point,53
2026-02-02,Southeast,67,Northeast (Kansas City),72
2026-02-02,Clinton,66,Oak Grove,52
2026-02-02,Lawson,40,Orrick,56
2026-02-02,Hazelwood West,41,Pattonville,73
2026-02-02,Festus,75,Poplar Bluff,52
2026-02-02,McCluer,71,Priory,62
2026-02-02,Canton,69,Putnam County,60
2026-02-02,Jasper,64,Rich Hill,44
2026-02-02,Holcomb,43,Richland (Essex),69
2026-02-02,Gideon,52,Risco,66
2026-02-02,Jennings,74,Ritenour,70
2026-02-02,Kelly,44,Saxony Lutheran,46
2026-02-02,Galena,68,School of the Ozarks,38
2026-02-02,Nevada,63,Seneca,34
2026-02-02,Warsaw,26,Savannah,105
2026-02-02,Herculaneum,43,Stanberry,74
2026-02-02,Billings,60,Spokane,44
2026-02-02,University City,32,St. Dominic,76
2026-02-02,Licking,28,St. James,64
2026-02-02,Northland Christian,44,St. Michael the Archangel,75
2026-02-02,St. Vincent,50,Ste. Genevieve,48
2026-02-02,Plato,36,Wright City,70
2026-02-02,Boonville,58,Tipton,35
2026-02-02,East Carter,53,St. Clair,63
2026-02-02,Eldon,72,Versailles,60
2026-02-02,St. James,28,West Platte,68
2026-02-02,St. Paul Lutheran (Farmington),64,Zalma,59
2026-02-03,Liberal,64,Appleton City,86
2026-02-03,Miller,39,Ash Grove,35
2026-02-03,Green City,59,Atlanta,41
2026-02-03,Lamar,80,Aurora,68
2026-02-03,Bloomfield,49,Bell City,57
2026-02-03,Wheaton,54,Blue Eye,77
2026-02-03,Lee's Summit North,59,Blue Springs,64
2026-02-03,Raymore-Peculiar,63,Blue Springs South,77
2026-02-03,Marshfield,66,Bolivar,91
2026-02-03,Belle,112,Bourbon,22
2026-02-03,Carl Junction,67,Branson,73
2026-02-03,Knox County,53,Brashear,52
2026-02-03,Valley Park,72,Brentwood,55
2026-02-03,Ballard,54,Bronaugh,29
2026-02-03,Polo,61,Brookfield,66
2026-02-03,Hollister,57,Buffalo,61
2026-02-03,Ava,58,Cabool,34
2026-02-03,Vienna,47,Calvary Lutheran,50
2026-02-03,Helias Catholic,72,Camdenton,60
2026-02-03,Benton,61,Cameron,17
2026-02-03,Holden,68,Carrollton,88
2026-02-03,Waynesville,33,Carthage,45
2026-02-03,Hayti,85,Caruthersville,80
2026-02-03,Pleasant Hill,59,Center,80
2026-02-03,Hillsboro,60,Central (Cape Girardeau),52
2026-02-03,Jackson,68,Charleston,40
2026-02-03,Palmyra,71,Clark County,39
2026-02-03,Reeds Spring,44,Clever,73
2026-02-03,Richland,45,Climax Springs,64
2026-02-03,Missouri Military Academy,34,Columbia Independent,52
2026-02-03,Wellington-Napoleon,46,Concordia,35
2026-02-03,Pleasant Hope,43,Crane,73
2026-02-03,Orrick,42,Crest Ridge,72
2026-02-03,St. Clair,57,Cuba,52
2026-02-03,Walnut Grove,40,Dadeville,46
2026-02-03,Academie Lafayette,67,DeLaSalle Charter (KC),29
2026-02-03,Seneca,69,Delta,46
2026-02-03,Sikeston,67,Dexter,54
2026-02-03,Neelyville,61,Doniphan,72
2026-02-03,Lutie,34,Dora,65
2026-02-03,Archie,63,Drexel,53
2026-02-03,Bishop LeBlond,44,East Buchanan,63
2026-02-03,Chaffee,60,East Prairie,40
2026-02-03,Clinton,61,El Dorado Springs,44
2026-02-03,Wellsville-Middletown,22,Elsberry,74
2026-02-03,Bakersfield,53,Eminence,77
2026-02-03,Greenfield,84,Everton,43
2026-02-03,Greenwood,95,Exeter,37
2026-02-03,Norwood,53,Fordland,51
2026-02-03,Platte County,54,Fort Osage,58
2026-02-03,Troy Buchanan,35,Francis Howell,65
2026-02-03,Francis Howell North,69,Francis Howell Central,85
2026-02-03,Timberland,63,Ft. Zumwalt North,68
2026-02-03,California,66,Fulton,47
2026-02-03,Smithville,64,Gainesville,42
2026-02-03,Milan,19,Gallatin,69
2026-02-03,Holcomb,60,Gideon,63
2026-02-03,McAuley Catholic,51,Golden City,64
2026-02-03,North Kansas City,72,Grandview,51
2026-02-03,Windsor,30,Green Ridge,55
2026-02-03,Tipton,52,Harrisburg,57
2026-02-03,Warrensburg,38,Harrisonville,53
2026-02-03,Affton,60,Herculaneum,64
2026-02-03,Webb City,50,Hermann,57
2026-02-03,Fair Play,32,Hermitage,65
2026-02-03,Principia,82,Hickman,49
2026-02-03,Brunswick,80,Higbee,55
2026-02-03,North Callaway,47,Highland,32
2026-02-03,Salem,81,Houston,69
2026-02-03,Grandview (Hillsboro),41,Jefferson (Festus),82
2026-02-03,Chaminade College Prep,86,John Burroughs,36
2026-02-03,Nixa,78,Joplin,46
2026-02-03,Valle Catholic,72,Kingston,60
2026-02-03,Ladue Horton Watkins,53,Kirkwood,49
2026-02-03,Richmond,47,Lafayette County,74
2026-02-03,Midway,40,Lakeland,61
2026-02-03,St. Elizabeth,48,Lawson,38
2026-02-03,Liberty North,70,Lee's Summit West,56
2026-02-03,St. Paul Lutheran (Farmington),30,Leopold,83
2026-02-03,Park Hill,79,Liberty,74
2026-02-03,Ft. Zumwalt West,45,Liberty (Wentzville),51
2026-02-03,Sacred Heart,32,Lincoln,57
2026-02-03,Mehlville,53,Lindbergh,80
2026-02-03,Wellsville-Middletown,53,Lockwood,45
2026-02-03,West Plains,43,Logan-Rogersville,72
2026-02-03,Clopton,42,Louisiana,49
2026-02-03,Van-Far,65,Macks Creek,53
2026-02-03,Centralia,53,Macon,64
2026-02-03,Senath-Hornersville,65,Malden,62
2026-02-03,Hancock,49,Maplewood-Richmond Hts.,89
2026-02-03,Gloria Deo Academy,70,Marion C. Early,58
2026-02-03,Wright City,50,Mark Twain,33
2026-02-03,Meadow Heights,90,Marquand-Zion,76
2026-02-03,Lafayette (Wildwood),56,Marquette,57
2026-02-03,Mt. Vernon,64,McDonald County,75
2026-02-03,Hannibal,56,Moberly,79
2026-02-03,Cassville,63,Monett,45
2026-02-03,South Shelby,32,Monroe City,70
2026-02-03,Van-Far,56,Montgomery County,48
2026-02-03,Ozark,47,Neosho,56
2026-02-03,Linn,50,New Bloomfield,68
2026-02-03,Fatima,62,New Franklin,53
2026-02-03,Chamois,42,New Haven,54
2026-02-03,King City,52,North Andrew,47
2026-02-03,Farmington,73,North County,59
2026-02-03,Albany,40,North Harrison,66
2026-02-03,St. Joseph Christian,33,North Platte,74
2026-02-03,Ewing Marion Kauffman,70,Northeast (Kansas City),51
2026-02-03,Chilhowee,35,Northeast Vernon County,74
2026-02-03,Oakville,58,Northwest (Cedar Hill),62
2026-02-03,Marshall,60,Oak Grove,72
2026-02-03,St. Charles West,45,Orchard Farm,52
2026-02-03,Versailles,58,Osage,60
2026-02-03,Warrenton,60,Pacific,53
2026-02-03,Lebanon,56,Parkview,48
2026-02-03,Hazelwood East,48,Parkway North,53
2026-02-03,Hazelwood West,38,Parkway South,49
2026-02-03,Fox,47,Parkway West,58
2026-02-03,Worth County,55,Pattonsburg,58
2026-02-03,Marionville,47,Pierce City,49
2026-02-03,Fredericktown,62,Potosi,67
2026-02-03,Vienna,28,Princeton,51
2026-02-03,Duchesne,53,Priory,49
2026-02-03,East Carter,55,Puxico,67
2026-02-03,Grain Valley,54,Raytown,56
2026-02-03,Glendale,49,Republic,56
2026-02-03,Eureka,64,Rockwood Summit,37
2026-02-03,Fayette,52,Sarcoxie,70
2026-02-03,Lone Jack,71,Scott County Central,42
2026-02-03,Thomas Jefferson Independent Day,52,Sarcoxie,47
2026-02-03,West Platte,49,Savannah,55
2026-02-03,St. Vincent,69,Saxony Lutheran,47
2026-02-03,New Covenant Academy,67,School of the Ozarks,62
2026-02-03,Marion County,49,Schuyler County,73
2026-02-03,Parkway Central,51,Seckman,50
2026-02-03,Bowling Green,56,South Pemiscot,51
2026-02-03,Sweet Springs,42,Salem,75
2026-02-03,De Smet Jesuit,58,SLUH,28
2026-02-03,Excelsior Springs,43,Sparta,81
2026-02-03,Roosevelt,16,Soldan International Studies,46
2026-02-03,Eugene,76,Slater,61
2026-02-03,Rock Port,71,Stover,57
2026-02-03,Clarkton,81,Sweet Springs,75
2026-02-03,Purdy,52,Tuscumbia,58
2026-02-03,Conway,22,Union,64
2026-02-03,Forsyth,67,Springfield Catholic,60
2026-02-03,Winfield,54,St. Charles,61
2026-02-03,Newburg,60,St. James,80
2026-02-03,Kingsville,41,St. Paul Lutheran (Concordia),58
2026-02-03,Lee's Summit,70,Staley,69
2026-02-03,Central (Park Hills),43,Ste. Genevieve,77
2026-02-03,Dixon,81,Westran,69
2026-02-03,Fair Grove,38,Winona,61
2026-02-03,Westran,57,Worth County,44
2026-02-03,Laquey,80,Wright City,71
2026-02-03,North Nodaway,36,Tarkio with Fairfax,66
2026-02-03,Mountain Grove,57,Thayer,64
2026-02-03,Marceline,70,Trenton,52
2026-02-03,Belton,65,St. Charles,72
2026-02-03,Jamestown,55,Tuscumbia,48
2026-02-03,Bernie,84,St. Clair,45
2026-02-03,Warsaw,41,Union,56
2026-02-03,Northeast Nodaway,52,Union Star,37
2026-02-03,Summit Christian Academy,63,University Academy Charter,51
2026-02-03,Bismarck,66,Valley,72
2026-02-03,Lesterville,37,Van Buren,88
2026-02-03,Miller Career Academy,37,Waynesville,71
2026-02-03,Hurley,33,Verona,58
2026-02-03,Adrian,44,Warsaw,41
2026-02-03,Ft. Zumwalt East,35,Washington,57
2026-02-03,Humansville,50,Weaubleau,42
2026-02-03,Kickapoo,62,Webb City,36
2026-02-03,Arcadia Valley,76,West County,58
2026-02-03,Halfway,59,Wheatland,47
2026-02-03,Lutheran South,71,Whitfield,43
2026-02-03,Central (Springfield),71,Willard,66
2026-02-03,Ruskin,55,William Chrisman,44
2026-02-03,Liberty (Mountain View),72,Willow Springs,71
2026-02-03,DeSoto,46,Windsor (Imperial),57
2026-02-03,Advance,57,Woodland,81
2026-02-04,Winona,43,Alton,53
2026-02-04,North County,79,Arcadia Valley,80
2026-02-04,Koshkonong,57,Bakersfield,59
2026-02-04,McKinley Classical Leadership,47,Bayless,65
2026-02-04,Lee's Summit West,51,Belton,60
2026-02-04,Puxico,59,Bernie,43
2026-02-04,STEAM Academy,43,Brentwood,58
2026-02-04,Sherwood,36,Butler,53
2026-02-04,Senath-Hornersville,61,Canton,60
2026-02-04,Campbell,43,Charleston,69
2026-02-04,Pilot Grove,68,Concordia,48
2026-02-04,West County,66,Crystal City,55
2026-02-04,Woodland,74,Dexter,68
2026-02-04,Wright City,55,Dora,41
2026-02-04,Couch,50,Eminence,62
2026-02-04,North Platte,52,Excelsior Springs,41
2026-02-04,Normandy Collaborative,64,Gateway Science Charter,32
2026-02-04,Naylor,63,Greenville,47
2026-02-04,Higbee,68,Hardin-Central,52
2026-02-04,Believe Acad Charter,6,Hazelwood Central,87
2026-02-04,Louisiana,65,Highland,56
2026-02-04,Academie Lafayette,75,Hogan Prep Academy Charter,46
2026-02-04,South Callaway,47,Humansville,54
2026-02-04,Oak Ridge,30,Kelly,51
2026-02-04,Harrisonville,67,Leeton,35
2026-02-04,El Dorado Springs,39,Lockwood,59
2026-02-04,Riverview Gardens,56,McCluer,76
2026-02-04,Wellsville-Middletown,44,Mt. Vernon,62
2026-02-04,Prairie Home,33,New Bloomfield,64
2026-02-04,South Shelby,59,Northeast (Cairo),70
2026-02-04,DeLaSalle Charter (KC),60,Northeast (Kansas City),73
2026-02-04,Versailles,68,Odessa,43
2026-02-04,Scott County Central,56,Oran,58
2026-02-04,Hallsville,64,Owensville,40
2026-02-04,Raytown South,38,Park Hill South,50
2026-02-04,Nixa,66,Parkview,46
2026-02-04,Clayton,48,Parkway South,45
2026-02-04,Jefferson (Festus),67,Perryville,36
2026-02-04,Lutheran North,43,Principia,75
2026-02-04,La Plata,37,Putnam County,55
2026-02-04,Lindbergh,66,Ritenour,40
2026-02-04,Raytown,51,Ruskin,34
2026-02-04,Bowling Green,56,South Pemiscot,51
2026-02-04,Kirksville,35,Southern Boone,47
2026-02-04,Affton,75,St. Pius X (Festus),59
2026-02-04,Elsberry,59,Veritas Christian Academy,55
2026-02-05,Koshkonong,58,Alton,75
2026-02-05,Marion County,41,Atlanta,71
2026-02-05,Eminence,53,Bismarck,47
2026-02-05,Blair Oaks,52,Boonville,43
2026-02-05,Brookfield,42,Brunswick,80
2026-02-05,St. Pius X (Festus),51,Bunker,95
2026-02-05,East Carter,66,Campbell,63
2026-02-05,Lamar,59,Cassville,54
2026-02-05,Valle Catholic,61,Central (Park Hills),46
2026-02-05,SLUH,46,Chaminade College Prep,79
2026-02-05,Holcomb,64,Clarkton,76
2026-02-05,Springfield Catholic,58,Clever,59
2026-02-05,Willard,60,Cole Camp,61
2026-02-05,West Plains,61,Confluence Prep Academy Charter,78
2026-02-05,Climax Springs,53,Conway,51
2026-02-05,Lafayette County,46,Crest Ridge,54
2026-02-05,Cabool,71,Dora,64
2026-02-05,Naylor,67,Ellington,47
2026-02-05,McCluer,35,Eureka,67
2026-02-05,McAuley Catholic,53,Exeter,36
2026-02-05,Lebanon,62,Father Tolton,53
2026-02-05,Dixon,63,Fatima,57
2026-02-05,Gateway Science Charter,52,Fox,80
2026-02-05,Savannah,35,Gallatin,45
2026-02-05,North Pemiscot,43,Gideon,77
2026-02-05,Schuyler County,54,Glasgow,52
2026-02-05,Greenwood,84,Golden City,43
2026-02-05,Gloria Deo Academy,54,Greenfield,51
2026-02-05,Kennett,39,Greenville,57
2026-02-05,Walnut Grove,39,Halfway,54
2026-02-05,Wellington-Napoleon,38,Hardin-Central,32
2026-02-05,Montgomery County,38,Harrisburg,56
2026-02-05,Senath-Hornersville,54,Hayti,78
2026-02-05,Hazelwood East,75,Jennings,61
2026-02-05,Warsaw,74,Kingston,50
2026-02-05,Meadow Heights,50,Leopold,57
2026-02-05,Wright City,57,Lesterville,45
2026-02-05,Hazelwood West,66,Lutheran St. Charles,61
2026-02-05,Milan,19,Macon,73
2026-02-05,Columbia Independent,64,Madison,31
2026-02-05,Westran,66,Marceline,47
2026-02-05,St. Paul Lutheran (Farmington),73,Marquand-Zion,63
2026-02-05,Kearney,52,Maryville,42
2026-02-05,Hume,35,Montrose,44
2026-02-05,Van Buren,85,Neelyville,73
2026-02-05,New Covenant Academy,71,Niangua,61
2026-02-05,Lakeland,45,Northeast Vernon County,46
2026-02-05,Otterville,65,Northwest (Hughesville),56
2026-02-05,Harrisonville,61,Oak Grove,43
2026-02-05,Ladue Horton Watkins,52,Oakville,43
2026-02-05,Ruskin,55,Platte County,46
2026-02-05,Dadeville,55,Pleasant Hope,66
2026-02-05,Northeast (Kansas City),71,Richmond,65
2026-02-05,Richland (Essex),65,Risco,56
2026-02-05,Lafayette (Wildwood),56,Ritenour,47
2026-02-05,Green City,69,Schuyler County,84
2026-02-05,Mid-Buchanan,65,St. Elizabeth,59
2026-02-05,Linn County,68,Thayer,41
2026-02-05,Pattonsburg,48,Vienna,34
2026-02-05,Miller Career Academy,70,Ste. Genevieve,59
2026-02-05,New Heights Christian,67,Thomas Jefferson Independent Day,54
2026-02-05,McCluer North,56,University City,54
2026-02-05,Stanberry,74,Valley,68
2026-02-05,Marquette,57,Waynesville,78
2026-02-05,Jamestown,46,Vienna,58
2026-02-05,Holden,20,Warsaw,36
2026-02-05,Ft. Zumwalt North,31,Washington,50
2026-02-05,Worth County,65,Wellsville-Middletown,23
2026-02-05,Waynesville,43,Willard,60
2026-02-05,Sparta,61,Winnetonka,67
2026-02-06,Sherwood,21,Adrian,49
2026-02-06,Dexter,62,Advance,43
2026-02-06,Archie,43,Appleton City,60
2026-02-06,Potosi,60,Arcadia Valley,66
2026-02-06,Putnam County,71,Atlanta,60
2026-02-06,Seneca,34,Aurora,70
2026-02-06,Liberty (Mountain View),59,Ava,24
2026-02-06,University Academy Charter,49,Barstow,69
2026-02-06,Father Tolton,54,Battle,71
2026-02-06,Missouri Military Academy,53,Belle,68
2026-02-06,Chillicothe,36,Benton,71
2026-02-06,Linn County,66,Bevier,61
2026-02-06,Crane,70,Billings,55
2026-02-06,Roosevelt,61,Bishop DuBourg,60
2026-02-06,St. Paul Lutheran (Farmington),62,Bourbon,54
2026-02-06,Monroe City,65,Bowling Green,52
2026-02-06,Everton,44,Bradleyville,80
2026-02-06,Polo,53,Braymer,75
2026-02-06,St. Pius X (Festus),51,Bunker,96
2026-02-06,Leeton,52,Butler,56
2026-02-06,Salem,82,Cabool,22
2026-02-06,Versailles,44,California,61
2026-02-06,Logan-Rogersville,64,Carl Junction,37
2026-02-06,Parkview,33,Carthage,40
2026-02-06,South Shelby,49,Cassville,41
2026-02-06,Southeast,54,Central (Kansas City),68
2026-02-06,Cooter,55,Central (New Madrid County),70
2026-02-06,Seneca,63,Chaffee,39
2026-02-06,Vianney,67,Chaminade College Prep,89
2026-02-06,Bronaugh,38,Chilhowee,66
2026-02-06,De Smet Jesuit,78,Christian Brothers College,67
2026-02-06,Macon,68,Clark County,44
2026-02-06,Hermitage,41,Climax Springs,43
2026-02-06,Otterville,31,Cole Camp,52
2026-02-06,Sweet Springs,39,Concordia,70
2026-02-06,El Dorado Springs,69,Conway,81
2026-02-06,Bakersfield,63,Couch,53
2026-02-06,Scott County Central,32,Crest Ridge,66
2026-02-06,Iberia,66,Crocker,86
2026-02-06,Jefferson (Festus),81,Crystal City,58
2026-02-06,Osage,79,Cuba,50
2026-02-06,Stover,66,DeKalb,37
2026-02-06,Perryville,46,DeSoto,53
2026-02-06,Liberal,45,Drexel,72
2026-02-06,West Plains,66,Duchesne,58
2026-02-06,Delta,79,East Prairie,50
2026-02-06,Lesterville,44,Eminence,74
2026-02-06,Fayette,35,Eugene,85
2026-02-06,Central (St. Joseph),58,Excelsior Springs,39
2026-02-06,Sarcoxie,73,Exeter,53
2026-02-06,Springfield Catholic,101,Fair Grove,76
2026-02-06,Niangua,38,Fair Play,65
2026-02-06,Van-Far,36,Fatima,79
2026-02-06,Hillsboro,65,Festus,60
2026-02-06,Reeds Spring,39,Forsyth,73
2026-02-06,Grain Valley,82,Fort Osage,56
2026-02-06,Francis Howell,79,Francis Howell North,70
2026-02-06,Farmington,60,Fredericktown,38
2026-02-06,Marshall,46,Fulton,65
2026-02-06,Norwood,63,Gainesville,65
2026-02-06,Tuscumbia,46,Galena,73
2026-02-06,Bell City,58,Gideon,41
2026-02-06,Willard,64,Glendale,78
2026-02-06,Ash Grove,61,Gloria Deo Academy,38
2026-02-06,Liberty,62,Grandview,61
2026-02-06,Herculaneum,64,Grandview (Hillsboro),58
2026-02-06,Academie Lafayette,87,Guadalupe Centers Charter,19
2026-02-06,Weaubleau,50,Halfway,63
2026-02-06,Eldon,52,Hallsville,68
2026-02-06,Bayless,49,Hancock,44
2026-02-06,Chadwick,36,Hartville,66
2026-02-06,Centralia,51,Highland,27
2026-02-06,Bolivar,41,Hillcrest,50
2026-02-06,Richmond,73,Holden,61
2026-02-06,Winona,63,Hollister,41
2026-02-06,St. Charles West,28,Holt,59
2026-02-06,Dadeville,53,Humansville,58
2026-02-06,Lutheran St. Charles,51,Jackson,79
2026-02-06,Bunceton,34,Jamestown,72
2026-02-06,Camdenton,47,Jefferson City,60
2026-02-06,Oran,57,Kelly,53
2026-02-06,Ewing Marion Kauffman,66,KIPP KC Legacy,36
2026-02-06,Fordland,80,Koshkonong,38
2026-02-06,Lincoln,37,La Monte,33
2026-02-06,Cameron,36,Lafayette (St. Joseph),59
2026-02-06,Knob Noster,55,Lafayette County,62
2026-02-06,McDonald County,63,Lamar,68
2026-02-06,Westran,60,Laquey,59
2026-02-06,East Buchanan,80,Lathrop,22
2026-02-06,Plattsburg,43,Lawson,54
2026-02-06,Central (Springfield),66,Lebanon,60
2026-02-06,Lee's Summit West,42,Lee's Summit,65
2026-02-06,Blue Springs South,72,Lee's Summit North,62
2026-02-06,Carrollton,55,Lexington,50
2026-02-06,Francis Howell Central,67,Liberty (Wentzville),47
2026-02-06,Blue Springs,57,Liberty North,49
2026-02-06,Harrisburg,70,Linn,50
2026-02-06,Wellsville-Middletown,20,Louisiana,64
2026-02-06,John Burroughs,56,Lutheran South,65
2026-02-06,Maysville,42,Marceline,32
2026-02-06,Spokane,55,Marion C. Early,58
2026-02-06,Diamond,55,Marionville,30
2026-02-06,Branson,86,Marshfield,77
2026-02-06,Novinger,27,Meadville,59
2026-02-06,Parkway West,68,Mehlville,61
2026-02-06,Northeast Vernon County,49,Miami (Amoret),52
2026-02-06,Clayton,57,MICDS,74
2026-02-06,West Platte,67,Mid-Buchanan,72
2026-02-06,Rich Hill,59,Midway,49
2026-02-06,Kingsville,74,Milan,29
2026-02-06,Lockwood,54,Miller,62
2026-02-06,Gateway,46,Miller Career Academy,63
2026-02-06,Mexico,79,Moberly,88
2026-02-06,Houston,59,Mountain Grove,66
2026-02-06,East Newton,53,Mt. Vernon,50
2026-02-06,Joplin,57,Neosho,60
2026-02-06,Monett,36,Nevada,63
2026-02-06,Tipton,53,New Bloomfield,42
2026-02-06,Northeast (Cairo),47,New Franklin,49
2026-02-06,Vienna,62,Newburg,82
2026-02-06,Waynesville,47,Nixa,72
2026-02-06,STEAM Academy,41,Normandy Collaborative,64
2026-02-06,Elsberry,58,North Callaway,57
2026-02-06,North Andrew,67,North Harrison,55
2026-02-06,Winnetonka,35,North Kansas City,65
2026-02-06,Mound City,45,North Nodaway,38
2026-02-06,Risco,87,North Pemiscot,21
2026-02-06,Penney,59,North Platte,76
2026-02-06,Tarkio with Fairfax,64,Northeast Nodaway,43
2026-02-06,Willard,62,Northwest (Hughesville),54
2026-02-06,St. Charles,60,Orchard Farm,77
2026-02-06,Lone Jack,74,Orrick,42
2026-02-06,Jasper,46,Osceola,66
2026-02-06,Hermann,51,Owensville,49
2026-02-06,Kickapoo,73,Ozark,40
2026-02-06,St. James,65,Pacific,49
2026-02-06,South Shelby,33,Palmyra,63
2026-02-06,Oak Park,69,Park Hill,61
2026-02-06,Pattonville,52,Parkway Central,47
2026-02-06,Parkway South,56,Parkway North,60
2026-02-06,DeLaSalle Charter (KC),34,Paseo Academy,51
2026-02-06,King City,58,Pattonsburg,49
2026-02-06,Community,43,Pilot Grove,51
2026-02-06,Richland,58,Plato,49
2026-02-06,Odessa,63,Pleasant Hill,72
2026-02-06,Glasgow,69,Prairie Home,35
2026-02-06,Albany,42,Princeton,67
2026-02-06,Whitfield,58,Principia,95
2026-02-06,Blue Eye,47,Purdy,25
2026-02-06,Staley,56,Raymore-Peculiar,64
2026-02-06,Rockhurst,65,Rock Bridge,45
2026-02-06,West Nodaway with Nodaway-Holt,82,Rock Port,73
2026-02-06,Bishop LeBlond,46,Savannah,47
2026-02-06,Notre Dame (Cape Girardeau),51,Saxony Lutheran,26
2026-02-06,Poplar Bluff,54,Sikeston,111
2026-02-06,Sarcoxie,68,Slater,63
2026-02-06,Ft. Zumwalt South,58,Southern Boone,46
2026-02-06,Delta (Deering),62,Sweet Springs,56
2026-02-06,Mansfield,74,Union,86
2026-02-06,Webb City,53,St. Clair,68
2026-02-06,St. Dominic,66,St. Francis Borgia,49
2026-02-06,Worth County,47,St. Joseph Christian,30
2026-02-06,Pembroke Hill,69,St. Michael the Archangel,80
2026-02-06,Trenton,40,Vienna,55
2026-02-06,Pierce City,35,Wellsville-Middletown,40
2026-02-06,Van Buren,86,Wright City,61
2026-02-06,Versailles,59,Summit Christian Academy,64
2026-02-06,Ft. Zumwalt East,51,Timberland,63
2026-02-06,Mercer,50,Tri-County,45
2026-02-06,Ft. Zumwalt West,68,Troy Buchanan,36
2026-02-06,William Chrisman,51,St. Charles,75
2026-02-06,Calvary Lutheran,61,Tuscumbia,41
2026-02-06,New Haven,53,Union,56
2026-02-06,Maplewood-Richmond Hts.,75,Valley Park,54
2026-02-06,Mark Twain,34,Van-Far,71
2026-02-06,New Covenant Academy,78,Verona,65
2026-02-06,Savannah,69,Warrensburg,52
2026-02-06,North Point,36,Washington,76
2026-02-06,Republic,48,Webb City,49
2026-02-06,St. Paul Lutheran (Concordia),57,Wellington-Napoleon,28
2026-02-06,Rolla,63,West Plains,46
2026-02-06,Lutheran North,58,Westminster Christian Academy,60
2026-02-06,Macks Creek,73,Wheatland,78
2026-02-06,School of the Ozarks,48,Wheaton,47
2026-02-06,Thayer,57,Willow Springs,60
2026-02-06,North County,63,Windsor (Imperial),65
2026-02-06,Warrenton,37,Winfield,46
2026-02-06,Alton,56,Winona,44
2026-02-06,Kennett,41,Woodland,75
2026-02-06,South Pemiscot,70,Wright City,45
2026-02-07,Central (Park Hills),55,Arcadia Valley,88
2026-02-07,Central (New Madrid County),52,Bernie,36
2026-02-07,Lift for Life Academy Charter,66,Blair Oaks,72
2026-02-07,Capital City,75,Bowling Green,47
2026-02-07,Winona,43,Cabool,41
2026-02-07,Green City,63,Canton,52
2026-02-07,Columbia Independent,63,Chamois,39
2026-02-07,Richland (Essex),70,Clarkton,63
2026-02-07,Puxico,98,Clearwater,29
2026-02-07,Otterville,48,Cole Camp,58
2026-02-07,Wellsville-Middletown,42,Diamond,47
2026-02-07,Liberty (Mountain View),83,Dixon,48
2026-02-07,Naylor,61,Doniphan,75
2026-02-07,Neelyville,41,East Carter,56
2026-02-07,Rock Bridge,69,Eugene,59
2026-02-07,Thayer,67,Galena,57
2026-02-07,Thomas Jefferson Independent Day,72,Golden City,68
2026-02-07,Lincoln,53,Green Ridge,37
2026-02-07,New Heights Christian,45,Greenwood,58
2026-02-07,Charleston,75,Hazelwood Central,54
2026-02-07,Helias Catholic,77,Hazelwood East,57
2026-02-07,Hannibal,42,Jefferson City,67
2026-02-07,Norborne,53,Keytesville,23
2026-02-07,Valle Catholic,61,Kingston,40
2026-02-07,Ellington,46,Macks Creek,79
2026-02-07,Bismarck,41,North County,86
2026-02-07,New Bloomfield,52,Sarcoxie,72
2026-02-07,Pleasant Hope,51,School of the Ozarks,55
2026-02-07,Senath-Hornersville,61,Schuyler County,69
2026-02-07,Greenville,51,St. Clair,47
2026-02-07,West County,45,Valley,46
2026-02-07,Woodland,99,Van Buren,90
2026-02-07,Hermitage,60,Walnut Grove,43
2026-02-07,Sacred Heart,41,Windsor,48
2026-02-09,South Callaway,65,Ballard,49
2026-02-09,Gateway Science Charter,64,Bishop DuBourg,63
2026-02-09,Crystal City,55,Bourbon,46
2026-02-09,Fayette,50,Brookfield,72
2026-02-09,Norborne,21,Brunswick,67
2026-02-09,Liberty (Mountain View),59,Bunker,58
2026-02-09,MICDS,49,Cardinal Ritter,55
2026-02-09,Caruthersville,62,Central (New Madrid County),63
2026-02-09,Gideon,60,Clarkton,70
2026-02-09,Center,85,Clinton,60
2026-02-09,Wellsville-Middletown,9,Clopton,50
2026-02-09,Holcomb,42,Cooter,62
2026-02-09,East Prairie,54,Delta,80
2026-02-09,Sweet Springs,68,Delta (Deering),64
2026-02-09,Jasper,28,Diamond,44
2026-02-09,Calvary Lutheran,50,Dixon,68
2026-02-09,Weaubleau,77,Everton,36
2026-02-09,Hurley,39,Exeter,61
2026-02-09,Valley,48,Farmington,72
2026-02-09,Perryville,30,Festus,72
2026-02-09,Arcadia Valley,66,Fredericktown,57
2026-02-09,Washington,67,Ft. Zumwalt West,47
2026-02-09,Albany,42,Gallatin,63
2026-02-09,Hickman,73,Glendale,94
2026-02-09,Northwest (Cedar Hill),47,Grandview (Hillsboro),52
2026-02-09,Bevier,32,Green City,62
2026-02-09,McAuley Catholic,55,Halfway,58
2026-02-09,Sarcoxie,92,Iberia,53
2026-02-09,Worth County,58,La Plata,51
2026-02-09,Hogan Prep Academy Charter,31,Lafayette County,63
2026-02-09,DeLaSalle Charter (KC),53,Lathrop,63
2026-02-09,Kingsville,61,Leeton,54
2026-02-09,Ash Grove,48,Lockwood,43
2026-02-09,STEAM Academy,54,Maplewood-Richmond Hts.,89
2026-02-09,Knox County,57,Marion County,45
2026-02-09,Centralia,96,Mark Twain,42
2026-02-09,Mexico,62,Marshall,50
2026-02-09,Marquette,62,McCluer,34
2026-02-09,Confluence Prep Academy Charter,64,McKinley Classical Leadership,53
2026-02-09,Woodland,96,Meadow Heights,54
2026-02-09,Miami (Amoret),40,Midway,33
2026-02-09,Louisiana,72,Missouri Military Academy,44
2026-02-09,Worth County,55,Mound City,41
2026-02-09,Purdy,37,New Heights Christian,77
2026-02-09,Pleasant Hope,69,Niangua,34
2026-02-09,Risco,77,North Pemiscot,20
2026-02-09,Schuyler County,88,North Shelby,65
2026-02-09,Linn,53,Northeast (Cairo),63
2026-02-09,Summersville,72,Oak Ridge,35
2026-02-09,Princeton,67,Putnam County,50
2026-02-09,Waynesville,114,Roosevelt,16
2026-02-09,Richland (Essex),58,Scott County Central,39
2026-02-09,Vienna,44,St. Elizabeth,61
2026-02-09,New Covenant Academy,64,Spokane,74
2026-02-09,Duchesne,55,St. Charles,58
2026-02-09,Barstow,49,St. Michael the Archangel,65
2026-02-09,Zalma,68,St. Paul Lutheran (Farmington),88
2026-02-09,Lutie,33,Wright City,56
2026-02-09,Carrollton,80,Sweet Springs,48
2026-02-09,Westran,69,Tuscumbia,77
2026-02-09,Guadalupe Centers Charter,13,University Academy Charter,73
2026-02-09,Brentwood,42,Valley Park,74
2026-02-09,Bunceton,16,Vienna,92
2026-02-10,Jasper,64,Appleton City,68
2026-02-10,Marionville,35,Ash Grove,48
2026-02-10,Novinger,33,Atlanta,60
2026-02-10,Mountain Grove,71,Ava,56
2026-02-10,Capital City,51,Battle,67
2026-02-10,Brentwood,36,Bayless,60
2026-02-10,Fort Osage,56,Belton,69
2026-02-10,Lafayette (St. Joseph),34,Benton,57
2026-02-10,Hayti,44,Bernie,70
2026-02-10,Eldon,48,Blair Oaks,92
2026-02-10,Tuscumbia,58,Blue Eye,63
2026-02-10,Lee's Summit,64,Blue Springs South,51
2026-02-10,West Plains,50,Bolivar,59
2026-02-10,California,47,Boonville,66
2026-02-10,Logan-Rogersville,68,Branson,47
2026-02-10,Keytesville,35,Braymer,50
2026-02-10,Miami (Amoret),60,Bronaugh,39
2026-02-10,Meadville,63,Brookfield,50
2026-02-10,El Dorado Springs,68,Butler,54
2026-02-10,Rock Bridge,72,Camdenton,38
2026-02-10,East Prairie,39,Campbell,56
2026-02-10,Webb City,55,Carthage,46
2026-02-10,East Newton,49,Cassville,45
2026-02-10,Seneca,54,Central (Cape Girardeau),21
2026-02-10,Glendale,71,Central (Springfield),47
2026-02-10,School of the Ozarks,44,Chadwick,55
2026-02-10,Leopold,54,Charleston,78
2026-02-10,Ewing Marion Kauffman,38,Chillicothe,39
2026-02-10,Risco,69,Clarkton,54
2026-02-10,Forsyth,45,Clever,35
2026-02-10,La Monte,49,Cole Camp,75
2026-02-10,Sweet Springs,56,Cooter,68
2026-02-10,Greenwood,57,Crane,66
2026-02-10,Climax Springs,73,Crocker,85
2026-02-10,DeLaSalle Charter (KC),50,Crossroads Prep Charter,45
2026-02-10,SLUH,46,De Smet Jesuit,53
2026-02-10,Tarkio with Fairfax,78,DeKalb,45
2026-02-10,Bell City,40,Dexter,91
2026-02-10,Laquey,62,Dixon,78
2026-02-10,Greenville,60,Doniphan,48
2026-02-10,Puxico,81,East Carter,61
2026-02-10,Bowling Green,67,Elsberry,58
2026-02-10,Stanberry,70,Eminence,41
2026-02-10,New Bloomfield,40,Eugene,69
2026-02-10,Mehlville,32,Eureka,62
2026-02-10,Billings,81,Everton,24
2026-02-10,Wheatland,62,Fair Play,29
2026-02-10,Lutheran (Kansas City),30,Faith Christian Academy,77
2026-02-10,Gainesville,66,Fordland,75
2026-02-10,Liberty (Wentzville),49,Francis Howell North,50
2026-02-10,Ft. Zumwalt North,64,Ft. Zumwalt East,57
2026-02-10,Spokane,43,Galena,63
2026-02-10,Platte County,32,Grain Valley,65
2026-02-10,Sparta,64,Grandview,69
2026-02-10,Centralia,46,Hannibal,55
2026-02-10,Sarcoxie,61,Harrisburg,58
2026-02-10,Hazelwood East,56,Hazelwood Central,76
2026-02-10,St. Vincent,60,Herculaneum,37
2026-02-10,Carl Junction,70,Hillcrest,74
2026-02-10,Notre Dame (Cape Girardeau),58,Hillsboro,52
2026-02-10,Northeast Vernon County,48,Humansville,40
2026-02-10,Midway,54,Hume,35
2026-02-10,Gloria Deo Academy,63,Hurley,40
2026-02-10,Caruthersville,29,Jackson,82
2026-02-10,Chamois,26,Jamestown,42
2026-02-10,Parkway North,70,Jennings,67
2026-02-10,University City,68,John Burroughs,52
2026-02-10,Nixa,60,Kickapoo,71
2026-02-10,Moberly,66,Kirksville,51
2026-02-10,Senath-Hornersville,54,Knox County,51
2026-02-10,Lutie,42,Koshkonong,64
2026-02-10,Lindbergh,51,Ladue Horton Watkins,39
2026-02-10,Pattonville,57,Lafayette (Wildwood),67
2026-02-10,Lexington,45,Lafayette County,65
2026-02-10,Osceola,56,Lakeland,43
2026-02-10,Mt. Vernon,68,Lamar,62
2026-02-10,West Platte,75,Lawson,50
2026-02-10,Ozark,66,Lebanon,53
2026-02-10,Staley,72,Lee's Summit North,54
2026-02-10,Blue Springs,64,Lee's Summit West,49
2026-02-10,Marquand-Zion,72,Lesterville,73
2026-02-10,Oak Park,53,Liberty,54
2026-02-10,Cabool,34,Liberty (Mountain View),82
2026-02-10,Raymore-Peculiar,47,Liberty North,52
2026-02-10,Slater,67,Linn,55
2026-02-10,Green City,59,Linn County,26
2026-02-10,South Shelby,64,Lockwood,41
2026-02-10,Holden,54,Lone Jack,72
2026-02-10,Rockwood Summit,49,Lutheran South,67
2026-02-10,Hermitage,65,Macks Creek,47
2026-02-10,Central (New Madrid County),65,Malden,62
2026-02-10,Smithville,51,Mansfield,55
2026-02-10,Dadeville,46,Marion C. Early,53
2026-02-10,Parkway Central,72,Marquette,73
2026-02-10,Cameron,33,Maryville,59
2026-02-10,Lathrop,24,Mid-Buchanan,74
2026-02-10,Wellsville-Middletown,51,Miller,38
2026-02-10,Aurora,66,Monett,55
2026-02-10,Mark Twain,27,Montgomery County,71
2026-02-10,Salem,41,New Franklin,68
2026-02-10,St. Clair,58,New Haven,43
2026-02-10,Licking,97,Newburg,76
2026-02-10,Bradleyville,69,Niangua,42
2026-02-10,Wright City,36,North Callaway,57
2026-02-10,Ste. Genevieve,57,North County,48
2026-02-10,Union Star,34,North Nodaway,37
2026-02-10,Ft. Zumwalt South,65,North Point,28
2026-02-10,Lincoln College Prep,72,Northeast (Kansas City),58
2026-02-10,North Harrison,61,Northeast Nodaway,59
2026-02-10,Parkway South,60,Northwest (Cedar Hill),42
2026-02-10,Sacred Heart,40,Northwest (Hughesville),48
2026-02-10,Thayer,35,Northwestern (Mendon),65
2026-02-10,Conway,45,Norwood,85
2026-02-10,Meadow Heights,70,Oak Ridge,60
2026-02-10,Bloomfield,56,Oran,61
2026-02-10,Ft. Zumwalt West,61,Orchard Farm,70
2026-02-10,Sweet Springs,49,Orrick,52
2026-02-10,Willard,81,Otterville,76
2026-02-10,Hermann,44,Pacific,43
2026-02-10,Monroe City,48,Palmyra,51
2026-02-10,Central (St. Joseph),35,Park Hill,58
2026-02-10,North Kansas City,58,Park Hill South,50
2026-02-10,Willard,59,Parkview,62
2026-02-10,Oakville,50,Parkway West,49
2026-02-10,Central (Kansas City),81,Paseo Academy,52
2026-02-10,Polo,73,Pattonsburg,65
2026-02-10,East Buchanan,52,Penney,65
2026-02-10,St. Paul Lutheran (Farmington),46,Perryville,81
2026-02-10,Sarcoxie,22,Pierce City,60
2026-02-10,Glasgow,62,Pilot Grove,34
2026-02-10,North Platte,106,Plattsburg,59
2026-02-10,Nevada,74,Pleasant Hill,53
2026-02-10,New Covenant Academy,59,Pleasant Hope,81
2026-02-10,Festus,75,Poplar Bluff,52
2026-02-10,Valle Catholic,54,Potosi,75
2026-02-10,Kirkwood,29,Principia,85
2026-02-10,William Chrisman,59,Raytown,68
2026-02-10,Excelsior Springs,25,Raytown South,81
2026-02-10,Fair Grove,44,Reeds Spring,40
2026-02-10,Neosho,44,Republic,59
2026-02-10,Drexel,56,Rich Hill,52
2026-02-10,Calvary Lutheran,65,Richland,33
2026-02-10,Portageville,47,Richland (Essex),51
2026-02-10,Knob Noster,57,Richmond,59
2026-02-10,Mound City,42,Rock Port,71
2026-02-10,Pembroke Hill,44,Rockhurst,59
2026-02-10,Gateway,93,Roosevelt,37
2026-02-10,St. Charles,74,Ruskin,60
2026-02-10,Willow Springs,61,Salem,59
2026-02-10,Marceline,32,Schuyler County,76
2026-02-10,Jefferson (Festus),59,Saxony Lutheran,61
2026-02-10,Putnam County,49,Schuyler County,71
2026-02-10,Advance,79,Scott County Central,38
2026-02-10,Ritenour,46,Seckman,59
2026-02-10,Kennett,40,Senath-Hornersville,65
2026-02-10,McDonald County,51,Seneca,38
2026-02-10,Montrose,25,South Callaway,74
2026-02-10,Archie,57,Sherwood,34
2026-02-10,Lincoln,48,Smithton,34
2026-02-10,St. Joseph Christian,50,St. James,46
2026-02-10,Macon,62,South Shelby,35
2026-02-10,Osage,64,Southern Boone,68
2026-02-10,Hartville,59,Union,56
2026-02-10,Hollister,64,Springfield Catholic,77
2026-02-10,Warrenton,47,St. Charles West,59
2026-02-10,Prairie Home,49,Van-Far,84
2026-02-10,Owensville,39,St. James,58
2026-02-10,Christian Brothers College,85,Webster Groves,104
2026-02-10,Concordia,33,St. Paul Lutheran (Concordia),57
2026-02-10,Savannah,41,St. Pius X (Kansas City),55
2026-02-10,Belle,64,Warsaw,69
2026-02-10,Plato,59,Westran,103
2026-02-10,Buffalo,50,Winona,65
2026-02-10,Community,37,Worth County,60
2026-02-10,Adrian,20,Summit Christian Academy,75
2026-02-10,Houston,49,Thayer,67
2026-02-10,New Heights Christian,73,Thomas Jefferson Independent Day,43
2026-02-10,Fayette,33,Tipton,70
2026-02-10,Francis Howell Central,70,Troy Buchanan,60
2026-02-10,Vienna,78,Tuscumbia,55
2026-02-10,Webb City,38,Union,47
2026-02-10,Hancock,48,Valley Park,65
2026-02-10,Dora,35,Van Buren,101
2026-02-10,Grandview (Hillsboro),49,Veritas Christian Academy,46
2026-02-10,Wheaton,74,Verona,49
2026-02-10,Weaubleau,53,Walnut Grove,39
2026-02-10,Oak Grove,72,Warrensburg,52
2026-02-10,Rolla,74,Waynesville,57
2026-02-10,Scott County Central,53,Wellington-Napoleon,63
2026-02-10,Van-Far,76,Wellsville-Middletown,31
2026-02-10,Stover,62,West Nodaway with Nodaway-Holt,78
2026-02-10,Priory,28,Westminster Christian Academy,65
2026-02-10,Lutheran North,58,Whitfield,70
2026-02-10,Green Ridge,63,Windsor,54
2026-02-10,St. Francis Borgia,76,Windsor (Imperial),70
2026-02-10,Kearney,40,Winnetonka,49
2026-02-10,Chaffee,105,Zalma,70
2026-02-11,Bakersfield,43,Alton,57
2026-02-11,Leeton,60,Archie,63
2026-02-11,Ava,56,Aurora,63
2026-02-11,Worth County,51,Bishop LeBlond,45
2026-02-11,Marceline,37,Brashear,65
2026-02-11,West County,68,Central (Park Hills),47
2026-02-11,Normandy Collaborative,33,Clayton,85
2026-02-11,Wright City,46,Couch,69
2026-02-11,Lutheran South,54,Duchesne,52
2026-02-11,Van Buren,85,Eminence,54
2026-02-11,William Chrisman,78,Excelsior Springs,52
2026-02-11,Metro,58,Gateway Science Charter,53
2026-02-11,Diamond,42,Gloria Deo Academy,32
2026-02-11,Exeter,62,Golden City,91
2026-02-11,Smithville,50,Greenwood,42
2026-02-11,Webster Groves,71,Hazelwood Central,40
2026-02-11,Fair Grove,72,Hollister,68
2026-02-11,Laquey,53,Houston,57
2026-02-11,Poplar Bluff,57,Kennett,52
2026-02-11,Bismarck,52,Kingston,57
2026-02-11,Winona,61,Koshkonong,52
2026-02-11,Chadwick,56,Lamar,52
2026-02-11,MICDS,62,Lift for Life Academy Charter,60
2026-02-11,Winfield,64,Louisiana,52
2026-02-11,Ritenour,81,McCluer,57
2026-02-11,Hazelwood East,56,McCluer North,76
2026-02-11,La Monte,36,Otterville,80
2026-02-11,Gallatin,45,Penney,54
2026-02-11,Dixon,70,Plato,24
2026-02-11,Trenton,53,Polo,71
2026-02-11,Chaffee,53,Senath-Hornersville,50
2026-02-11,Hogan Prep Academy Charter,22,Savannah,98
2026-02-11,North Nodaway,41,Stover,49
2026-02-11,DeSoto,30,St. Clair,43
2026-02-11,Eldon,60,Willard,37
2026-02-11,Priory,56,West Plains,61
2026-02-11,St. Dominic,79,Timberland,49
2026-02-11,Grandview,56,Versailles,64
2026-02-11,Missouri Military Academy,47,Veritas Christian Academy,63
2026-02-12,Tarkio with Fairfax,39,Albany,44
2026-02-12,Meadow Heights,58,Bell City,68
2026-02-12,Valley Park,87,Bishop DuBourg,43
2026-02-12,Lafayette (St. Joseph),32,Bishop LeBlond,52
2026-02-12,Grandview (Hillsboro),72,Bourbon,27
2026-02-12,Chadwick,66,Bradleyville,39
2026-02-12,Tri-County,44,Braymer,70
2026-02-12,Hardin-Central,22,Brunswick,60
2026-02-12,Springfield Catholic,56,Buffalo,44
2026-02-12,Bernie,77,Campbell,42
2026-02-12,Warrensburg,34,Center,54
2026-02-12,Saxony Lutheran,31,Chaffee,66
2026-02-12,Summersville,58,Charleston,63
2026-02-12,Bevier,39,Columbia Independent,68
2026-02-12,Chilhowee,38,Concordia,56
2026-02-12,Risco,68,Cooter,84
2026-02-12,Naylor,59,Couch,64
2026-02-12,Halfway,37,Dadeville,40
2026-02-12,East Carter,55,Doniphan,69
2026-02-12,Lutheran (Kansas City),51,Drexel,52
2026-02-12,Lincoln College Prep,52,Ewing Marion Kauffman,36
2026-02-12,Thomas Jefferson Independent Day,85,Exeter,43
2026-02-12,Weaubleau,50,Fair Play,44
2026-02-12,Pattonville,65,Francis Howell North,47
2026-02-12,Valley,56,Fredericktown,68
2026-02-12,West Plains,61,Gateway,83
2026-02-12,Pleasant Hope,63,Greenfield,48
2026-02-12,Senath-Hornersville,54,Hayti,68
2026-02-12,Riverview Gardens,58,Hazelwood West,80
2026-02-12,Northwestern (Mendon),34,Higbee,53
2026-02-12,South Callaway,52,Hume,27
2026-02-12,Rock Bridge,51,Jefferson City,31
2026-02-12,Advance,60,Kelly,49
2026-02-12,Maysville,48,King City,52
2026-02-12,Winona,48,Koshkonong,46
2026-02-12,Carrollton,43,Lafayette County,49
2026-02-12,Licking,59,Liberty (Mountain View),82
2026-02-12,Cabool,57,Lutie,29
2026-02-12,Pilot Grove,73,Madison,34
2026-02-12,Brookfield,56,Marceline,59
2026-02-12,Everton,66,Marion C. Early,91
2026-02-12,Roosevelt,43,McKinley Classical Leadership,99
2026-02-12,Linn County,57,Milan,22
2026-02-12,Carthage,44,Neosho,51
2026-02-12,Valle Catholic,58,North County,70
2026-02-12,Bronaugh,27,Northeast Vernon County,65
2026-02-12,Jefferson (Festus),65,Northwest (Cedar Hill),62
2026-02-12,Oran,41,Oak Ridge,57
2026-02-12,Glendale,66,Ozark,64
2026-02-12,Bowling Green,45,Palmyra,66
2026-02-12,Jennings,55,Parkway South,62
2026-02-12,Pattonsburg,75,Plattsburg,44
2026-02-12,Wellington-Napoleon,75,Polo,59
2026-02-12,St. Elizabeth,65,Putnam County,56
2026-02-12,Delta,84,Richland (Essex),39
2026-02-12,Vienna,27,Rock Port,68
2026-02-12,Warsaw,66,Salem,74
2026-02-12,Ladue Horton Watkins,54,Seckman,57
2026-02-12,Marion County,41,South Pemiscot,58
2026-02-12,Windsor,69,Smithton,46
2026-02-12,Lesterville,31,Stanberry,70
2026-02-12,Portageville,62,Sweet Springs,54
2026-02-12,Monett,63,Tuscumbia,51
2026-02-12,Climax Springs,72,Westran,61
2026-02-12,Clever,52,Winona,31
2026-02-12,Princeton,58,Trenton,28
2026-02-12,Platte County,47,St. Charles,64
2026-02-12,Christian Fellowship Sr.,43,Van-Far,60
2026-02-12,Purdy,71,Verona,36
2026-02-12,Tipton,56,Versailles,66
2026-02-12,Golden City,61,Wheaton,63
2026-02-12,St. James,49,Worth County,71
2026-02-13,El Dorado Springs,49,Adrian,45
2026-02-13,Zalma,30,Advance,64
2026-02-13,Harrisonville,84,Archie,51
2026-02-13,Willow Springs,57,Ava,37
2026-02-13,Koshkonong,35,Bakersfield,65
2026-02-13,Helias Catholic,57,Battle,65
2026-02-13,Grain Valley,51,Belton,55
2026-02-13,Marion County,56,Bevier,38
2026-02-13,Marion C. Early,53,Billings,51
2026-02-13,Leopold,64,Bloomfield,28
2026-02-13,Blue Springs South,64,Blue Springs,58
2026-02-13,Maysville,47,Brookfield,40
2026-02-13,Chamois,50,Bunceton,14
2026-02-13,Camdenton,60,Capital City,71
2026-02-13,Christian Brothers College,50,Cardinal Ritter,67
2026-02-13,Bolivar,67,Carl Junction,60
2026-02-13,Knob Noster,76,Carrollton,66
2026-02-13,Sikeston,72,Central (Cape Girardeau),42
2026-02-13,Parkview,71,Central (Springfield),63
2026-02-13,Park Hill South,60,Central (St. Joseph),28
2026-02-13,Monroe City,42,Centralia,49
2026-02-13,Climax Springs,69,Chilhowee,37
2026-02-13,Savannah,37,Chillicothe,46
2026-02-13,Pleasant Hill,57,Clinton,75
2026-02-13,Otterville,43,Cole Camp,68
2026-02-13,Glasgow,72,Community,48
2026-02-13,Hartville,81,Conway,32
2026-02-13,Spokane,41,Crane,77
2026-02-13,Herculaneum,44,Crystal City,48
2026-02-13,Weaubleau,37,Dadeville,38
2026-02-13,Chaminade College Prep,58,De Smet Jesuit,56
2026-02-13,Marquand-Zion,47,Delta,117
2026-02-13,Newburg,78,Dixon,85
2026-02-13,Ballard,29,Drexel,63
2026-02-13,Mid-Buchanan,75,East Buchanan,51
2026-02-13,Kelly,52,East Prairie,60
2026-02-13,California,46,Eldon,55
2026-02-13,Mark Twain,40,Elsberry,72
2026-02-13,Ellington,46,Eminence,71
2026-02-13,Sarcoxie,40,Eugene,77
2026-02-13,Hurley,65,Everton,68
2026-02-13,Crossroads Prep Charter,24,Ewing Marion Kauffman,64
2026-02-13,Grandview,72,Excelsior Springs,31
2026-02-13,Verona,47,Exeter,65
2026-02-13,Forsyth,90,Fair Grove,58
2026-02-13,Arcadia Valley,47,Farmington,63
2026-02-13,Belle,61,Fatima,51
2026-02-13,Harrisburg,72,Fayette,53
2026-02-13,Windsor (Imperial),61,Festus,53
2026-02-13,Liberty (Wentzville),42,Francis Howell,60
2026-02-13,Washington,56,Ft. Zumwalt North,59
2026-02-13,Timberland,52,Ft. Zumwalt South,69
2026-02-13,Francis Howell Central,70,Ft. Zumwalt West,52
2026-02-13,Blue Eye,60,Galena,68
2026-02-13,New Covenant Academy,80,Gloria Deo Academy,62
2026-02-13,St. Vincent,71,Grandview (Hillsboro),29
2026-02-13,Northwest (Hughesville),40,Green Ridge,66
2026-02-13,Puxico,51,Greenville,45
2026-02-13,Humansville,41,Halfway,52
2026-02-13,Union,47,Hermann,37
2026-02-13,Northeast Vernon County,29,Hermitage,46
2026-02-13,Father Tolton,53,Hickman,61
2026-02-13,DeSoto,58,Hillsboro,68
2026-02-13,Sherwood,39,Holden,47
2026-02-13,Reeds Spring,41,Hollister,48
2026-02-13,Winfield,35,Holt,69
2026-02-13,Richland,51,Iberia,63
2026-02-13,Central (New Madrid County),22,Jackson,56
2026-02-13,Calvary Lutheran,37,Jamestown,39
2026-02-13,Lakeland,50,Jasper,56
2026-02-13,Republic,54,Joplin,47
2026-02-13,Dexter,74,Kennett,31
2026-02-13,Montrose,45,Kingsville,75
2026-02-13,Fulton,47,Kirksville,55
2026-02-13,Willard,63,La Monte,31
2026-02-13,Green City,45,La Plata,51
2026-02-13,Parkway Central,57,Lafayette (Wildwood),63
2026-02-13,Plato,70,Laquey,85
2026-02-13,West Platte,61,Lathrop,28
2026-02-13,Nixa,82,Lebanon,61
2026-02-13,Lee's Summit,67,Lee's Summit North,66
2026-02-13,Midway,39,Leeton,53
2026-02-13,Osceola,50,Liberal,72
2026-02-13,Houston,38,Liberty (Mountain View),68
2026-02-13,Windsor,27,Lincoln,57
2026-02-13,Parkway West,37,Lindbergh,52
2026-02-13,Miller Career Academy,50,Logan-Rogersville,83
2026-02-13,John Burroughs,47,Lutheran North,61
2026-02-13,Believe Acad Charter,28,Lutheran St. Charles,102
2026-02-13,Fair Play,33,Macks Creek,81
2026-02-13,Highland,23,Macon,55
2026-02-13,Bernie,83,Malden,51
2026-02-13,Gainesville,57,Mansfield,69
2026-02-13,Bishop DuBourg,38,Maplewood-Richmond Hts.,105
2026-02-13,Lockwood,49,Marionville,55
2026-02-13,Hannibal,59,Marshall,67
2026-02-13,Hillcrest,106,Marshfield,82
2026-02-13,Benton,60,Maryville,42
2026-02-13,New Heights Christian,41,McAuley Catholic,33
2026-02-13,Kirkwood,68,McCluer,44
2026-02-13,Webster Groves,57,McCluer North,59
2026-02-13,Monett,46,McDonald County,55
2026-02-13,Oakville,65,Mehlville,68
2026-02-13,McKinley Classical Leadership,77,Metro,125
2026-02-13,Louisiana,60,Montgomery County,71
2026-02-13,West Nodaway with Nodaway-Holt,77,Mound City,45
2026-02-13,Cabool,44,Mountain Grove,70
2026-02-13,Cassville,35,Mt. Vernon,54
2026-02-13,East Newton,51,Nevada,58
2026-02-13,Slater,68,New Bloomfield,60
2026-02-13,St. Joseph Christian,38,North Andrew,59
2026-02-13,Liberty,48,North Kansas City,58
2026-02-13,Lawson,32,North Platte,75
2026-02-13,Ft. Zumwalt East,52,North Point,37
2026-02-13,Knox County,50,North Shelby,74
2026-02-13,Salem,58,Northeast (Cairo),56
2026-02-13,Union,41,Norwood,49
2026-02-13,Poplar Bluff,53,Notre Dame (Cape Girardeau),83
2026-02-13,Park Hill,54,Oak Park,65
2026-02-13,Oak Grove,66,Odessa,52
2026-02-13,Mexico,76,Osage,65
2026-02-13,New Haven,46,Owensville,54
2026-02-13,Seneca,63,Perryville,26
2026-02-13,South Shelby,48,Pierce City,45
2026-02-13,Penney,51,Plattsburg,44
2026-02-13,Scott County Central,53,Portageville,55
2026-02-13,Ste. Genevieve,71,Potosi,77
2026-02-13,Milan,23,Princeton,78
2026-02-13,Westminster Christian Academy,53,Principia,67
2026-02-13,Lutheran South,44,Priory,46
2026-02-13,Lee's Summit West,48,Raymore-Peculiar,42
2026-02-13,Ruskin,45,Raytown,52
2026-02-13,Kearney,49,Raytown South,60
2026-02-13,Appleton City,60,Rich Hill,46
2026-02-13,Lexington,54,Richmond,74
2026-02-13,Hazelwood East,51,Rockwood Summit,58
2026-02-13,Smithton,49,Sacred Heart,60
2026-02-13,Thayer,53,Salem,59
2026-02-13,Concordia,34,Scott County Central,47
2026-02-13,Diamond,62,Sarcoxie,29
2026-02-13,Oak Ridge,50,Saxony Lutheran,45
2026-02-13,Niangua,31,School of the Ozarks,63
2026-02-13,Schuyler County,65,Schuyler County,58
2026-02-13,Lamar,62,Seneca,29
2026-02-13,Fordland,38,Smithville,66
2026-02-13,Canton,49,South Pemiscot,73
2026-02-13,Vianney,82,SLUH,55
2026-02-13,Boonville,46,Savannah,58
2026-02-13,Winnetonka,57,Sparta,82
2026-02-13,North Nodaway,43,St. James,66
2026-02-13,Clark County,73,South Shelby,59
2026-02-13,Northeast (Kansas City),82,Southeast,81
2026-02-13,Hallsville,44,Southern Boone,46
2026-02-13,Wheaton,47,Tuscumbia,60
2026-02-13,St. Charles,39,St. Charles West,56
2026-02-13,Pacific,62,St. Clair,51
2026-02-13,Duchesne,39,St. Dominic,73
2026-02-13,Brentwood,49,St. Pius X (Festus),83
2026-02-13,Liberty North,70,Staley,57
2026-02-13,Fox,67,STEAM Academy,37
2026-02-13,Bourbon,33,Warsaw,75
2026-02-13,Ash Grove,34,Wellsville-Middletown,37
2026-02-13,Crocker,56,Westran,91
2026-02-13,New Franklin,75,Worth County,47
2026-02-13,St. James,55,Webb City,45
2026-02-13,Dora,41,Wright City,64
2026-02-13,Barstow,43,Summit Christian Academy,56
2026-02-13,St. Paul Lutheran (Concordia),78,Sweet Springs,56
2026-02-13,Rock Port,56,Tarkio with Fairfax,47
2026-02-13,Linn,37,Tipton,65
2026-02-13,Putnam County,90,Trenton,36
2026-02-13,Francis Howell North,49,Troy Buchanan,61
2026-02-13,Prairie Home,63,Tuscumbia,71
2026-02-13,DeKalb,56,Union Star,62
2026-02-13,Pembroke Hill,64,University Academy Charter,36
2026-02-13,Eureka,44,University City,51
2026-02-13,Alton,76,Van Buren,89
2026-02-13,St. Michael the Archangel,51,Versailles,53
2026-02-13,Clopton,34,Van-Far,54
2026-02-13,Wright City,41,Veritas Christian Academy,54
2026-02-13,Van-Far,55,Vienna,47
2026-02-13,Orchard Farm,72,Warrenton,50
2026-02-13,Butler,37,Warsaw,51
2026-02-13,Kickapoo,68,Waynesville,55
2026-02-13,Willard,57,Webb City,65
2026-02-13,Orrick,25,Wellington-Napoleon,56
2026-02-13,Bowling Green,85,Wellsville-Middletown,22
2026-02-13,Branson,85,West Plains,67
2026-02-13,Moberly,60,Westran,51
2026-02-13,Walnut Grove,23,Wheatland,58
2026-02-13,MICDS,60,Whitfield,53
2026-02-13,Fort Osage,38,William Chrisman,68
2026-02-13,Charleston,99,Woodland,77
2026-02-14,Van Buren,86,Alton,79
2026-02-14,Ste. Genevieve,58,Arcadia Valley,52
2026-02-14,Eminence,32,Bakersfield,40
2026-02-14,Mid-Buchanan,41,Benton,79
2026-02-14,Novinger,37,Brashear,46
2026-02-14,Higbee,33,Brunswick,70
2026-02-14,St. Vincent,65,Bunker,71
2026-02-14,Ozark,63,Capital City,53
2026-02-14,Winona,52,Couch,58
2026-02-14,Potosi,44,Farmington,62
2026-02-14,North County,38,Fredericktown,71
2026-02-14,Sacred Heart,62,Halfway,51
2026-02-14,Northwestern (Mendon),46,Hardin-Central,55
2026-02-14,MICDS,57,Holt,51
2026-02-14,Lesterville,67,Houston,60
2026-02-14,West County,45,Kingston,48
2026-02-14,Academie Lafayette,35,KIPP KC Legacy,63
2026-02-14,Christian Brothers College,63,Kirkwood,41
2026-02-14,Tri-County,39,Mercer,42
2026-02-14,Miller Career Academy,35,Nixa,70
2026-02-14,Lutheran North,56,Normandy Collaborative,44
2026-02-14,Montgomery County,42,North Callaway,53
2026-02-14,Rolla,50,Principia,86
2026-02-14,Sikeston,83,Seneca,80
2026-02-14,Lift for Life Academy Charter,69,University City,57
2026-02-14,Webster Groves,59,Waynesville,72
2026-02-16,Van Buren,67,Bakersfield,59
2026-02-16,Bevier,51,Brashear,63
2026-02-16,Princeton,62,Brookfield,42
2026-02-16,Laquey,59,Calvary Lutheran,75
2026-02-16,Clarkton,51,Campbell,67
2026-02-16,Grandview (Hillsboro),64,Central (Park Hills),46
2026-02-16,Holcomb,80,Clearwater,89
2026-02-16,Pleasant Hope,72,Conway,59
2026-02-16,East Prairie,59,Cooter,64
2026-02-16,Winona,52,Couch,58
2026-02-16,Bernie,69,Delta,88
2026-02-16,Koshkonong,66,Dora,53
2026-02-16,Sherwood,24,El Dorado Springs,62
2026-02-16,Bunker,52,Farmington,64
2026-02-16,Zalma,51,Gideon,72
2026-02-16,William Chrisman,41,Grain Valley,58
2026-02-16,Lincoln,55,Green Ridge,41
2026-02-16,Dadeville,60,Greenfield,33
2026-02-16,Bismarck,42,Greenville,61
2026-02-16,Monroe City,59,Highland,37
2026-02-16,St. Vincent,69,Hillsboro,59
2026-02-16,New Covenant Academy,86,Hurley,61
2026-02-16,Savannah,48,Jefferson City,50
2026-02-16,Central (New Madrid County),72,Kelly,46
2026-02-16,Rock Port,64,King City,76
2026-02-16,DeSoto,55,Kingston,52
2026-02-16,St. Paul Lutheran (Concordia),36,Leeton,29
2026-02-16,Scott County Central,45,Leopold,90
2026-02-16,Doniphan,61,Liberty (Mountain View),76
2026-02-16,Miller Career Academy,60,Lift for Life Academy Charter,82
2026-02-16,Pleasant Hill,88,Lone Jack,79
2026-02-16,Northeast (Cairo),80,Madison,39
2026-02-16,Naylor,58,Malden,59
2026-02-16,Fayette,58,Marceline,47
2026-02-16,Crane,62,Marion C. Early,34
2026-02-16,St. Paul Lutheran (Farmington),63,Marquand-Zion,83
2026-02-16,Gallatin,61,Maysville,57
2026-02-16,Soldan International Studies,44,McKinley Classical Leadership,55
2026-02-16,Lesterville,63,Meadow Heights,76
2026-02-16,Archie,59,Miami (Amoret),54
2026-02-16,Northwestern (Mendon),60,Norborne,54
2026-02-16,Braymer,63,Northwest (Hughesville),44
2026-02-16,Grundy County with Newtown-Harris,35,Novinger,53
2026-02-16,Knob Noster,64,Odessa,70
2026-02-16,Brentwood,30,Priory,74
2026-02-16,Harrisburg,52,Schuyler County,68
2026-02-16,Otterville,64,Scott County Central,55
2026-02-16,Lockwood,84,Sarcoxie,58
2026-02-16,St. Clair,74,Saxony Lutheran,62
2026-02-16,Everton,34,School of the Ozarks,77
2026-02-16,Veritas Christian Academy,53,St. Pius X (Festus),68
2026-02-16,Newburg,64,Westran,87
2026-02-16,Eminence,63,Wright City,30
2026-02-16,Cuba,30,Union,48
2026-02-16,Arcadia Valley,58,Valle Catholic,61
2026-02-16,Fair Play,26,Walnut Grove,57
2026-02-16,McAuley Catholic,70,Wheaton,41
2026-02-16,Tarkio with Fairfax,37,Worth County,58
2026-02-17,Oran,55,Advance,67
2026-02-17,Fox,46,Affton,58
2026-02-17,Doniphan,59,Alton,63
2026-02-17,Thayer,56,Ava,45
2026-02-17,Richland (Essex),53,Bernie,86
2026-02-17,Lutheran South,91,Bishop DuBourg,37
2026-02-17,St. Pius X (Kansas City),54,Bishop LeBlond,46
2026-02-17,Holcomb,64,Bloomfield,71
2026-02-17,Staley,59,Blue Springs South,40
2026-02-17,Branson,47,Bolivar,51
2026-02-17,Versailles,54,Boonville,63
2026-02-17,Clopton,41,Bowling Green,45
2026-02-17,Houston,54,Cabool,36
2026-02-17,Blair Oaks,69,California,46
2026-02-17,Trenton,44,Cameron,76
2026-02-17,Marion County,40,Canton,76
2026-02-17,Helias Catholic,69,Capital City,62
2026-02-17,McDonald County,42,Carl Junction,84
2026-02-17,Joplin,55,Carthage,51
2026-02-17,Tuscumbia,49,Cassville,53
2026-02-17,Arcadia Valley,71,Central (Park Hills),63
2026-02-17,Ozark,59,Central (Springfield),48
2026-02-17,South Shelby,39,Centralia,71
2026-02-17,Central (Cape Girardeau),41,Charleston,49
2026-02-17,Kingsville,77,Chilhowee,46
2026-02-17,Chamois,38,Christian Fellowship Sr.,70
2026-02-17,Senath-Hornersville,78,Clarkton,63
2026-02-17,Winona,38,Clearwater,40
2026-02-17,Fair Grove,48,Clever,63
2026-02-17,Harrisonville,58,Clinton,26
2026-02-17,Smithton,45,Cole Camp,78
2026-02-17,Calvary Lutheran,52,Columbia Independent,45
2026-02-17,Orrick,53,Concordia,44
2026-02-17,Walnut Grove,58,Conway,60
2026-02-17,Sweet Springs,22,Crest Ridge,66
2026-02-17,Academie Lafayette,61,Crossroads Prep Charter,62
2026-02-17,Billings,57,Dadeville,40
2026-02-17,Chaffee,66,Delta,67
2026-02-17,Neelyville,78,Delta (Deering),69
2026-02-17,Ste. Genevieve,59,DeSoto,44
2026-02-17,Poplar Bluff,54,Dexter,60
2026-02-17,Pierce City,38,Diamond,29
2026-02-17,Iberia,39,Dixon,74
2026-02-17,Midway,26,Drexel,61
2026-02-17,Maplewood-Richmond Hts.,52,Duchesne,58
2026-02-17,Aurora,48,East Newton,59
2026-02-17,Malden,63,East Prairie,38
2026-02-17,Nevada,76,El Dorado Springs,50
2026-02-17,Greenville,61,Ellington,37
2026-02-17,St. Dominic,42,Eureka,41
2026-02-17,Bronaugh,65,Everton,78
2026-02-17,Guadalupe Centers Charter,10,Ewing Marion Kauffman,84
2026-02-17,Wheaton,79,Exeter,58
2026-02-17,Greenfield,69,Fair Play,50
2026-02-17,Camdenton,70,Father Tolton,75
2026-02-17,Slater,83,Fayette,61
2026-02-17,Bradleyville,51,Fordland,82
2026-02-17,Hollister,60,Forsyth,68
2026-02-17,Francis Howell North,47,Francis Howell,63
2026-02-17,Liberty (Wentzville),45,Francis Howell Central,64
2026-02-17,Mehlville,92,Ft. Zumwalt North,73
2026-02-17,Ft. Zumwalt West,51,Ft. Zumwalt South,54
2026-02-17,Salem,53,Glasgow,75
2026-02-17,Nixa,67,Glendale,70
2026-02-17,Blue Eye,58,Gloria Deo Academy,61
2026-02-17,Marion C. Early,32,Greenwood,65
2026-02-17,Macks Creek,59,Halfway,73
2026-02-17,Palmyra,57,Hannibal,45
2026-02-17,New Bloomfield,52,Harrisburg,71
2026-02-17,Gainesville,53,Hartville,73
2026-02-17,Risco,42,Hayti,70
2026-02-17,Whitfield,93,Hazelwood West,64
2026-02-17,St. James,55,Hermann,41
2026-02-17,Weaubleau,45,Hermitage,56
2026-02-17,Logan-Rogersville,73,Hillcrest,38
2026-02-17,Northwest (Cedar Hill),70,Hillsboro,72
2026-02-17,Lexington,42,Holden,32
2026-02-17,Hazelwood Central,58,Jennings,53
2026-02-17,Vianney,87,John Burroughs,52
2026-02-17,Excelsior Springs,28,Kearney,63
2026-02-17,Kelly,55,Kennett,65
2026-02-17,Brashear,55,Keytesville,21
2026-02-17,Republic,26,Kickapoo,59
2026-02-17,Carrollton,62,Knob Noster,69
2026-02-17,Marceline,53,Knox County,47
2026-02-17,Webster Groves,75,Ladue Horton Watkins,47
2026-02-17,Chillicothe,39,Lafayette (St. Joseph),36
2026-02-17,Monett,65,Lamar,74
2026-02-17,North Platte,72,Lathrop,32
2026-02-17,Penney,80,Lawson,41
2026-02-17,Waynesville,49,Lebanon,46
2026-02-17,Liberty North,44,Lee's Summit,59
2026-02-17,Lee's Summit North,49,Lee's Summit West,41
2026-02-17,Crystal City,65,Lesterville,53
2026-02-17,Archie,52,Liberal,59
2026-02-17,Park Hill South,53,Liberty,60
2026-02-17,Salem,74,Liberty (Mountain View),77
2026-02-17,Plato,44,Licking,73
2026-02-17,La Monte,39,Lincoln,63
2026-02-17,Central (Kansas City),50,Lincoln College Prep,62
2026-02-17,Eugene,57,Linn,41
2026-02-17,North Harrison,72,Linn County,48
2026-02-17,Wellington-Napoleon,73,Lone Jack,59
2026-02-17,Northland Christian,63,Lutheran (Kansas City),50
2026-02-17,Worth County,57,Madison,45
2026-02-17,Miller,42,Marionville,54
2026-02-17,North Callaway,88,Mark Twain,41
2026-02-17,Pattonville,79,Marquette,47
2026-02-17,West Plains,89,Marshfield,72
2026-02-17,Waynesville,62,McCluer North,55
2026-02-17,Fulton,63,Mexico,55
2026-02-17,Montrose,40,Miami (Amoret),69
2026-02-17,Marshall,61,Moberly,71
2026-02-17,Kirksville,45,Monroe City,34
2026-02-17,Elsberry,55,Montgomery County,51
2026-02-17,Seneca,34,Mt. Vernon,67
2026-02-17,Crane,72,New Covenant Academy,35
2026-02-17,Pilot Grove,34,New Franklin,63
2026-02-17,Golden City,54,New Heights Christian,75
2026-02-17,Richland,68,Newburg,81
2026-02-17,Laquey,62,Niangua,42
2026-02-17,Meadville,54,Norborne,21
2026-02-17,Festus,77,North County,54
2026-02-17,King City,68,North Nodaway,38
2026-02-17,Scott County Central,82,North Pemiscot,18
2026-02-17,Community,44,Northeast (Cairo),58
2026-02-17,St. James,38,Northeast Nodaway,58
2026-02-17,South Callaway,51,Northeast Vernon County,44
2026-02-17,La Plata,58,Northwestern (Mendon),74
2026-02-17,Mansfield,67,Norwood,62
2026-02-17,Central (St. Joseph),40,Oak Park,76
2026-02-17,Hallsville,71,Osage,53
2026-02-17,Appleton City,77,Osceola,50
2026-02-17,Sacred Heart,41,Otterville,29
2026-02-17,Pacific,45,Owensville,34
2026-02-17,Webb City,50,Parkview,45
2026-02-17,Ft. Zumwalt East,56,Parkway North,63
2026-02-17,Kirkwood,49,Parkway South,51
2026-02-17,Barstow,41,Pembroke Hill,54
2026-02-17,Belton,77,Platte County,52
2026-02-17,Mid-Buchanan,78,Plattsburg,41
2026-02-17,Wellsville-Middletown,65,Pleasant Hope,38
2026-02-17,Higbee,77,Prairie Home,47
2026-02-17,Gallatin,60,Princeton,51
2026-02-17,Galena,59,Purdy,38
2026-02-17,Novinger,49,Putnam County,67
2026-02-17,Blue Springs,57,Raymore-Peculiar,53
2026-02-17,Buffalo,48,Reeds Spring,60
2026-02-17,Lakeland,55,Rich Hill,68
2026-02-17,Lafayette County,71,Richmond,80
2026-02-17,Priory,60,Ritenour,63
2026-02-17,Hickman,24,Rock Bridge,53
2026-02-17,North Andrew,59,Rock Port,87
2026-02-17,Center,25,Rockhurst,60
2026-02-17,Tipton,79,Sarcoxie,77
2026-02-17,Hardin-Central,39,Scott County Central,63
2026-02-17,Benton,73,Savannah,33
2026-02-17,Westran,57,Schuyler County,61
2026-02-17,North Shelby,43,Senath-Hornersville,77
2026-02-17,Saxony Lutheran,23,Seneca,67
2026-02-17,Jackson,58,Seckman,46
2026-02-17,Union,69,Smithville,70
2026-02-17,Warsaw,50,Sherwood,48
2026-02-17,Central (New Madrid County),38,Sikeston,91
2026-02-17,Wellsville-Middletown,8,South Pemiscot,82
2026-02-17,Ash Grove,63,South Shelby,49
2026-02-17,Raytown South,61,Sparta,63
2026-02-17,Albany,40,St. Elizabeth,52
2026-02-17,Kingston,34,Stanberry,86
2026-02-17,Worth County,66,Stover,36
2026-02-17,Fatima,60,Southern Boone,49
2026-02-17,Winona,59,Springfield Catholic,57
2026-02-17,Orchard Farm,58,St. Charles,42
2026-02-17,North Point,25,St. Charles West,66
2026-02-17,Union,68,St. Clair,63
2026-02-17,Rolla,60,St. Francis Borgia,42
2026-02-17,West Nodaway with Nodaway-Holt,53,St. Joseph Christian,33
2026-02-17,Bourbon,61,St. Paul Lutheran (Farmington),91
2026-02-17,Maysville,60,Vienna,41
2026-02-17,Green Ridge,72,Willard,51
2026-02-17,New Haven,53,Webb City,55
2026-02-17,St. Michael the Archangel,57,Summit Christian Academy,63
2026-02-17,Troy Buchanan,85,Timberland,67
2026-02-17,Grundy County with Newtown-Harris,47,Tri-County,60
2026-02-17,Raytown,48,St. Charles,55
2026-02-17,Van-Far,66,Tuscumbia,55
2026-02-17,Campbell,47,St. Clair,43
2026-02-17,Mercer,52,Union Star,45
2026-02-17,Versailles,66,University Academy Charter,39
2026-02-17,Bunker,66,Valley,29
2026-02-17,Koshkonong,47,Van Buren,89
2026-02-17,Louisiana,78,Veritas Christian Academy,76
2026-02-17,Thomas Jefferson Independent Day,74,Verona,27
2026-02-17,Crocker,64,Vienna,88
2026-02-17,Winfield,33,Warrenton,61
2026-02-17,East Buchanan,63,West Platte,54
2026-02-17,MICDS,42,Westminster Christian Academy,36
2026-02-17,Humansville,37,Wheatland,49
2026-02-17,Neosho,50,Willard,53
2026-02-17,Mountain Grove,62,Willow Springs,55
2026-02-17,Northwest (Hughesville),72,Windsor,50
2026-02-17,Perryville,47,Windsor (Imperial),67
2026-02-17,Grandview,49,Winnetonka,72
2026-02-17,Puxico,77,Woodland,61
2026-02-17,Van-Far,58,Wright City,38
2026-02-17,Sweet Springs,102,Zalma,56
2026-02-18,Bishop DuBourg,49,Affton,73
2026-02-18,Couch,48,Alton,76
2026-02-18,Jennings,56,Chaminade College Prep,107
2026-02-18,Hazelwood Central,47,Christian Brothers College,75
2026-02-18,Parkway Central,73,Clayton,87
2026-02-18,Leeton,63,Concordia,62
2026-02-18,Parkway West,47,Ft. Zumwalt North,51
2026-02-18,Macon,27,Fulton,52
2026-02-18,Novinger,36,Green City,77
2026-02-18,Roosevelt,24,Hancock,58
2026-02-18,Mark Twain,48,Highland,57
2026-02-18,Everton,54,Humansville,71
2026-02-18,Seneca,57,Jefferson (Festus),52
2026-02-18,Hume,33,Lakeland,60
2026-02-18,Polo,64,Lathrop,60
2026-02-18,Aurora,82,McDonald County,86
2026-02-18,Chaffee,77,Meadow Heights,41
2026-02-18,West Plains,26,Miller Career Academy,46
2026-02-18,Cooter,67,Neelyville,61
2026-02-18,Park Hill,49,North Kansas City,52
2026-02-18,Lafayette (Wildwood),63,Oakville,25
2026-02-18,Miller,29,Pierce City,41
2026-02-18,Northeast (Kansas City),48,Platte County,68
2026-02-18,Butler,53,Pleasant Hill,80
2026-02-18,Central (New Madrid County),67,Poplar Bluff,66
2026-02-18,Clark County,52,Putnam County,76
2026-02-18,Hazelwood West,55,Rockwood Summit,58
2026-02-18,McCluer,46,SLUH,65
2026-02-18,Paseo Academy,51,Southeast,64
2026-02-18,South Pemiscot,40,Southern Boone,70
2026-02-18,Pacific,57,Warsaw,48
2026-02-18,Grandview (Hillsboro),62,Webb City,59
2026-02-18,Gateway,50,University City,78
2026-02-18,North County,45,Valle Catholic,49
2026-02-18,Sarcoxie,75,Vienna,70
2026-02-18,Bayless,68,Whitfield,66
2026-02-19,Lone Jack,52,Barstow,66
2026-02-19,Benton,71,Bishop LeBlond,30
2026-02-19,Springfield Catholic,48,Bolivar,67
2026-02-19,North Callaway,46,Bowling Green,63
2026-02-19,Columbia Independent,79,Bunceton,20
2026-02-19,Richmond,89,Carrollton,90
2026-02-19,St. Pius X (Festus),83,Central (Park Hills),72
2026-02-19,Missouri Military Academy,46,Chamois,42
2026-02-19,Kirksville,29,Chillicothe,42
2026-02-19,Weaubleau,29,Climax Springs,38
2026-02-19,Montgomery County,59,Clopton,60
2026-02-19,Scott County Central,50,Cole Camp,58
2026-02-19,Norborne,35,Concordia,36
2026-02-19,Bourbon,36,Cuba,83
2026-02-19,Wellsville-Middletown,51,Dadeville,48
2026-02-19,St. Joseph Christian,40,East Buchanan,70
2026-02-19,St. Clair,58,East Prairie,57
2026-02-19,Osage,66,Eldon,60
2026-02-19,Valley,65,Ellington,41
2026-02-19,Halfway,76,Everton,33
2026-02-19,Mansfield,69,Fordland,62
2026-02-19,McCluer,38,Ft. Zumwalt South,69
2026-02-19,Union,54,Gainesville,62
2026-02-19,Wheaton,45,Galena,76
2026-02-19,Vienna,29,Gallatin,58
2026-02-19,New Franklin,58,Glasgow,64
2026-02-19,Verona,38,Golden City,76
2026-02-19,Bismarck,46,Grandview (Hillsboro),57
2026-02-19,Schuyler County,51,Hallsville,59
2026-02-19,Delta,55,Hayti,101
2026-02-19,Wheatland,56,Hermitage,48
2026-02-19,Malden,67,Holcomb,50
2026-02-19,Dora,32,Houston,53
2026-02-19,Fayette,56,Jamestown,36
2026-02-19,Drexel,73,Jasper,42
2026-02-19,Willard,64,Joplin,53
2026-02-19,Portageville,46,Kennett,50
2026-02-19,Union Star,23,King City,80
2026-02-19,Lesterville,55,Kingston,74
2026-02-19,Atlanta,59,Knox County,51
2026-02-19,Wright City,31,Koshkonong,47
2026-02-19,St. Pius X (Kansas City),54,Lafayette (St. Joseph),50
2026-02-19,Holden,34,Lafayette County,63
2026-02-19,Winona,66,Lamar,82
2026-02-19,Warsaw,44,Laquey,64
2026-02-19,Sweet Springs,39,Lawson,57
2026-02-19,Advance,72,Leopold,62
2026-02-19,Knob Noster,72,Lexington,58
2026-02-19,Diamond,65,Lockwood,48
2026-02-19,Couch,42,Lutie,36
2026-02-19,Plato,35,Macks Creek,76
2026-02-19,Madison,42,Marion County,61
2026-02-19,South Shelby,68,Marionville,45
2026-02-19,Worth County,42,Maysville,59
2026-02-19,Thomas Jefferson Independent Day,52,McAuley Catholic,42
2026-02-19,St. Vincent,70,Meadow Heights,57
2026-02-19,Grundy County with Newtown-Harris,50,Meadville,75
2026-02-19,Soldan International Studies,76,Metro,42
2026-02-19,Moberly,47,Mexico,62
2026-02-19,Butler,47,Miami (Amoret),53
2026-02-19,Osceola,52,Midway,39
2026-02-19,DeKalb,51,Mound City,70
2026-02-19,Van-Far,55,New Bloomfield,54
2026-02-19,Ash Grove,68,New Covenant Academy,52
2026-02-19,Community,43,North Shelby,78
2026-02-19,Worth County,37,Northeast (Cairo),57
2026-02-19,Exeter,54,Northeast Vernon County,73
2026-02-19,Willard,44,Northwest (Hughesville),53
2026-02-19,Bevier,20,Northwestern (Mendon),51
2026-02-19,Chadwick,52,Norwood,61
2026-02-19,Bernie,63,Notre Dame (Cape Girardeau),54
2026-02-19,Marquand-Zion,47,Oak Ridge,76
2026-02-19,North Nodaway,38,Pattonsburg,74
2026-02-19,St. Elizabeth,63,Plattsburg,40
2026-02-19,Greenwood,63,Pleasant Hope,25
2026-02-19,Schuyler County,67,Princeton,74
2026-02-19,Spokane,53,Reeds Spring,41
2026-02-19,Carthage,27,Republic,43
2026-02-19,Bloomfield,40,Richland (Essex),52
2026-02-19,Parkway North,85,Riverview Gardens,43
2026-02-19,New Heights Christian,74,Sarcoxie,62
2026-02-19,Milan,30,Senath-Hornersville,87
2026-02-19,Neelyville,61,Senath-Hornersville,72
2026-02-19,Chilhowee,41,Sherwood,49
2026-02-19,Pilot Grove,63,Salem,78
2026-02-19,Fredericktown,55,Stanberry,53
2026-02-19,Clarkton,54,Summersville,87
2026-02-19,Ewing Marion Kauffman,40,Southeast,30
2026-02-19,Campbell,89,Sweet Springs,59
2026-02-19,Tri-County,71,Thayer,60
2026-02-19,University Academy Charter,21,St. Michael the Archangel,62
2026-02-19,Crest Ridge,49,St. Paul Lutheran (Concordia),65
2026-02-19,West County,58,Ste. Genevieve,72
2026-02-19,KIPP St. Louis Sr.,47,STEAM Academy,53
2026-02-19,North Andrew,48,Tarkio with Fairfax,30
2026-02-19,Liberty (Mountain View),67,Thayer,65
2026-02-19,Slater,49,Tipton,75
2026-02-19,Penney,87,Trenton,44
2026-02-19,Fox,38,Troy Buchanan,73
2026-02-19,Marion C. Early,75,Walnut Grove,46
2026-02-19,Braymer,68,Wellington-Napoleon,54
2026-02-19,Brunswick,62,Westran,53
2026-02-19,Oran,35,Woodland,111
2026-02-19,Wellsville-Middletown,36,Wright City,58
2026-02-19,Naylor,94,Zalma,34
2026-02-20,Hogan Prep Academy Charter,64,Adrian,85
2026-02-20,Stover,49,Albany,61
2026-02-20,Clinton,61,Appleton City,53
2026-02-20,Rich Hill,58,Archie,63
2026-02-20,East Carter,74,Bakersfield,34
2026-02-20,Versailles,59,Barstow,57
2026-02-20,St. Vincent,56,Bell City,45
2026-02-20,Osage,51,Blair Oaks,75
2026-02-20,Staley,72,Blue Springs,53
2026-02-20,Southern Boone,54,Boonville,65
2026-02-20,Hillcrest,64,Branson,59
2026-02-20,Novinger,53,Brashear,60
2026-02-20,Greenville,37,Bunker,68
2026-02-20,Savannah,89,California,35
2026-02-20,Aurora,34,Camdenton,69
2026-02-20,Jefferson City,54,Capital City,66
2026-02-20,Nevada,50,Cassville,32
2026-02-20,Leopold,53,Chaffee,65
2026-02-20,Van-Far,54,Chamois,32
2026-02-20,SLUH,35,Christian Brothers College,71
2026-02-20,Bunceton,10,Christian Fellowship Sr.,74
2026-02-20,Centralia,54,Clark County,27
2026-02-20,Green Ridge,49,Cole Camp,36
2026-02-20,Fair Grove,77,Conway,66
2026-02-20,Summersville,67,Cooter,62
2026-02-20,Vianney,50,De Smet Jesuit,71
2026-02-20,Windsor (Imperial),54,DeSoto,38
2026-02-20,Eminence,56,Dora,36
2026-02-20,Veritas Christian Academy,26,Duchesne,81
2026-02-20,Grandview (Hillsboro),70,Ellington,40
2026-02-20,Winnetonka,68,Excelsior Springs,33
2026-02-20,Lift for Life Academy Charter,64,Father Tolton,50
2026-02-20,Cuba,65,Fatima,77
2026-02-20,Mt. Vernon,48,Forsyth,62
2026-02-20,Francis Howell,45,Francis Howell Central,67
2026-02-20,Ft. Zumwalt East,42,Ft. Zumwalt South,51
2026-02-20,Hannibal,55,Fulton,62
2026-02-20,Campbell,63,Gideon,46
2026-02-20,Crane,55,Gloria Deo Academy,44
2026-02-20,Raytown South,48,Grandview,44
2026-02-20,Center,41,Harrisonville,51
2026-02-20,McCluer,28,Hazelwood Central,57
2026-02-20,Battle,55,Hickman,50
2026-02-20,South Shelby,42,Higbee,51
2026-02-20,Ava,58,Houston,51
2026-02-20,Lutie,56,Hurley,40
2026-02-20,Plato,46,Iberia,71
2026-02-20,Sikeston,65,Jackson,61
2026-02-20,Principia,78,John Burroughs,32
2026-02-20,Sparta,53,Kearney,73
2026-02-20,Saxony Lutheran,36,Kennett,57
2026-02-20,Lebanon,42,Kickapoo,71
2026-02-20,University City,63,Kirkwood,56
2026-02-20,Pattonville,59,Ladue Horton Watkins,47
2026-02-20,Liberal,66,Lakeland,38
2026-02-20,Raymore-Peculiar,45,Lee's Summit,71
2026-02-20,Blue Springs South,55,Lee's Summit West,58
2026-02-20,Central (St. Joseph),45,Liberty,74
2026-02-20,Troy Buchanan,50,Liberty (Wentzville),57
2026-02-20,Lee's Summit North,51,Liberty North,34
2026-02-20,Sacred Heart,28,Lincoln,46
2026-02-20,Rock Bridge,57,Lincoln College Prep,55
2026-02-20,Marshfield,39,Logan-Rogersville,88
2026-02-20,St. Dominic,75,Lutheran St. Charles,38
2026-02-20,Westminster Christian Academy,79,Maplewood-Richmond Hts.,50
2026-02-20,Louisiana,64,Mark Twain,47
2026-02-20,McCluer North,42,Marquette,53
2026-02-20,Chillicothe,54,Marshall,43
2026-02-20,Lafayette (Wildwood),97,Mehlville,79
2026-02-20,Lutheran South,23,MICDS,62
2026-02-20,Macon,48,Monroe City,57
2026-02-20,Salem,44,Mountain Grove,64
2026-02-20,Koshkonong,32,Naylor,65
2026-02-20,Kelly,53,Neelyville,61
2026-02-20,Parkview,59,Neosho,51
2026-02-20,Hermann,53,New Haven,41
2026-02-20,Laquey,61,Newburg,72
2026-02-20,Central (Springfield),57,Nixa,89
2026-02-20,Jefferson (Festus),73,North County,48
2026-02-20,Ft. Zumwalt North,74,North Point,51
2026-02-20,DeLaSalle Charter (KC),51,Northeast (Kansas City),85
2026-02-20,Faith Christian Academy,77,Northland Christian,57
2026-02-20,North Kansas City,52,Oak Park,64
2026-02-20,Lindbergh,60,Oakville,52
2026-02-20,Holt,59,Orchard Farm,55
2026-02-20,Webb City,41,Ozark,52
2026-02-20,Webb City,42,Pacific,57
2026-02-20,Highland,24,Palmyra,64
2026-02-20,Park Hill,53,Park Hill South,56
2026-02-20,Ritenour,54,Parkway Central,58
2026-02-20,Seckman,36,Parkway West,62
2026-02-20,Summit Christian Academy,51,Pembroke Hill,43
2026-02-20,Hillsboro,64,Perryville,47
2026-02-20,Exeter,29,Pierce City,72
2026-02-20,Oak Grove,73,Pleasant Hill,75
2026-02-20,Charleston,69,Poplar Bluff,50
2026-02-20,Delta (Deering),54,Portageville,60
2026-02-20,Madison,56,Prairie Home,62
2026-02-20,Whitfield,59,Priory,42
2026-02-20,Marion C. Early,65,Purdy,59
2026-02-20,Platte County,50,Raytown,53
2026-02-20,Dixon,66,Richland,38
2026-02-20,Senath-Hornersville,37,Risco,71
2026-02-20,Gateway,57,Riverview Gardens,49
2026-02-20,Clayton,68,Rockwood Summit,54
2026-02-20,Grain Valley,48,Ruskin,61
2026-02-20,Linn,53,Sarcoxie,86
2026-02-20,Maryville,54,Savannah,47
2026-02-20,Halfway,66,School of the Ozarks,32
2026-02-20,Van Buren,65,Smithville,81
2026-02-20,Elsberry,60,South Pemiscot,75
2026-02-20,Willard,74,Smithton,56
2026-02-20,Missouri Military Academy,42,Slater,71
2026-02-20,Festus,64,Stanberry,62
2026-02-20,KIPP KC Legacy,40,Southeast,41
2026-02-20,Warrenton,55,St. Charles,64
2026-02-20,Winfield,39,St. Charles West,45
2026-02-20,St. Clair,51,St. James,43
2026-02-20,West County,58,Ste. Genevieve,72
2026-02-20,East Newton,66,Winona,53
2026-02-20,Liberty (Mountain View),67,Thayer,65
2026-02-20,Fort Osage,40,St. Charles,66
2026-02-20,Seneca,40,St. Clair,39
2026-02-20,Owensville,35,Union,40
2026-02-20,Herculaneum,40,Valley Park,78
2026-02-20,Chaminade College Prep,56,Waynesville,60
2026-02-20,El Dorado Springs,76,Versailles,77
2026-02-20,Odessa,62,Warrensburg,56
2026-02-20,Timberland,54,Washington,70
2026-02-20,Glendale,71,Waynesville,49
2026-02-20,Eureka,61,Webster Groves,63
2026-02-20,Carl Junction,45,West Plains,62
2026-02-20,Belton,87,William Chrisman,57
2026-02-20,Cabool,39,Willow Springs,77
2026-02-20,La Monte,22,Windsor,58
2026-02-21,Clearwater,53,Doniphan,84
2026-02-21,Ewing Marion Kauffman,47,Father Tolton,39
2026-02-21,Missouri Military Academy,65,La Monte,30
2026-02-21,Central (Cape Girardeau),58,Poplar Bluff,52
2026-02-21,Orchard Farm,57,Rolla,62
2026-02-21,Rockhurst,38,SLUH,26
2026-02-21,De Smet Jesuit,64,St. Charles West,50
2026-02-21,Glasgow,64,Tipton,49
2026-02-23,Osage,77,Boonville,74
2026-02-23,Forsyth,88,Buffalo,53
2026-02-23,Seckman,65,Festus,83
2026-02-23,Vianney,85,Francis Howell,54
2026-02-23,Hallsville,53,Fulton,36
2026-02-23,Parkway North,61,Hazelwood West,50
2026-02-23,Savannah,45,Helias Catholic,63
2026-02-23,Mehlville,66,John Burroughs,79
2026-02-23,Oak Grove,73,Knob Noster,52
2026-02-23,Gateway,54,Maplewood-Richmond Hts.,74
2026-02-23,Reeds Spring,64,Monett,60
2026-02-23,Lindbergh,40,Parkway South,52
2026-02-23,McCluer,38,Pattonville,71
2026-02-23,Gateway Science Charter,32,Roosevelt,58
2026-02-23,Fort Osage,49,Ruskin,74
2026-02-23,Jackson,65,Webster Groves,74
2026-02-24,Sweet Springs,84,Delta (Deering),60
2026-02-24,Cooter,104,North Pemiscot,28
2026-02-24,Clarkton,70,Gideon,65
2026-02-24,Richland (Essex),57,Scott County Central,48
2026-02-24,Bell City,67,St. Paul Lutheran (Farmington),24
2026-02-24,Leopold,74,Marquand-Zion,35
2026-02-24,Koshkonong,65,Lesterville,48
2026-02-24,Couch,68,Lutie,32
2026-02-24,Eminence,69,Zalma,37
2026-02-24,Bradleyville,60,Walnut Grove,59
2026-02-24,Billings,72,Hurley,19
2026-02-24,School of the Ozarks,75,Everton,26
2026-02-24,Greenfield,67,Liberal,59
2026-02-24,Golden City,65,Fair Play,36
2026-02-24,McAuley Catholic,53,South Callaway,37
2026-02-24,Climax Springs,59,Niangua,28
2026-02-24,Hermitage,73,Westran,66
2026-02-24,Halfway,48,Humansville,44
2026-02-24,Wheatland,65,Weaubleau,45
2026-02-24,Ballard,58,Montrose,41
2026-02-24,Miami (Amoret),65,Bronaugh,36
2026-02-24,Northeast Vernon County,57,Hume,21
2026-02-24,Northwest (Hughesville),45,Sacred Heart,54
2026-02-24,Leeton,60,La Monte,32
2026-02-24,Otterville,69,Chilhowee,47
2026-02-24,Tuscumbia,69,Prairie Home,29
2026-02-24,Pilot Grove,82,Bunceton,22
2026-02-24,Jamestown,56,Chamois,36
2026-02-24,Christian Fellowship Sr.,85,Wellsville-Middletown,21
2026-02-24,Columbia Independent,69,Bevier,48
2026-02-24,Higbee,73,Madison,46
2026-02-24,Northeast (Cairo),71,Community,41
2026-02-24,La Plata,62,Brashear,48
2026-02-24,North Shelby,64,Marion County,32
2026-02-24,Atlanta,51,Novinger,38
2026-02-24,Brunswick,76,Keytesville,17
2026-02-24,Linn County,69,Northwestern (Mendon),56
2026-02-24,Meadville,55,Grundy County with Newtown-Harris,36
2026-02-24,Orrick,72,Norborne,43
2026-02-24,Pattonsburg,71,Mercer,27
2026-02-24,North Andrew,56,St. James,48
2026-02-24,King City,75,DeKalb,24
2026-02-24,Mound City,43,Vienna,35
2026-02-24,Stover,71,Northeast Nodaway,59
2026-02-24,Worth County,65,North Nodaway,41
2026-02-24,Campbell,37,Neelyville,56
2026-02-24,Senath-Hornersville,95,Holcomb,41
2026-02-24,Summersville,78,Naylor,51
2026-02-24,Alton,73,Greenville,59
2026-02-24,Stanberry,73,Ellington,48
2026-02-24,East Carter,71,Winona,40
2026-02-24,Chaffee,48,Advance,62
2026-02-24,Bernie,72,Bloomfield,44
2026-02-24,Charleston,75,Oran,44
2026-02-24,Meadow Heights,72,Bismarck,64
2026-02-24,Valle Catholic,66,Crystal City,42
2026-02-24,Valley,52,Oak Ridge,68
2026-02-24,South Pemiscot,52,Clopton,59
2026-02-24,Louisiana,71,Brentwood,59
2026-02-24,Putnam County,74,Knox County,43
2026-02-24,Canton,76,Milan,14
2026-02-24,Marceline,63,Salem,50
2026-02-24,Glasgow,70,Fayette,33
2026-02-24,Westran,71,Worth County,51
2026-02-24,Tipton,46,Calvary Lutheran,39
2026-02-24,Sarcoxie,113,Smithton,33
2026-02-24,Harrisburg,60,New Bloomfield,48
2026-02-24,Macks Creek,87,Crocker,76
2026-02-24,Newburg,83,Plato,55
2026-02-24,Vienna,47,Richland,63
2026-02-24,Fordland,79,Bakersfield,86
2026-02-24,Norwood,86,Dora,31
2026-02-24,Mansfield,69,Wright City,31
2026-02-24,Blue Eye,80,Marion C. Early,43
2026-02-24,Galena,74,Pleasant Hope,66
2026-02-24,Gloria Deo Academy,50,Spokane,52
2026-02-24,Jasper,43,Purdy,47
2026-02-24,Wheaton,56,Exeter,59
2026-02-24,Thomas Jefferson Independent Day,72,Verona,42
2026-02-24,Archie,59,Osceola,48
2026-02-24,Appleton City,60,Lakeland,43
2026-02-24,Green Ridge,59,Rich Hill,40
2026-02-24,Scott County Central,37,Concordia,48
2026-02-24,St. Paul Lutheran (Concordia),58,Midway,28
2026-02-24,Lutheran (Kansas City),50,Sweet Springs,40
2026-02-24,Polo,74,Plattsburg,45
2026-02-24,Academie Lafayette,78,DeLaSalle Charter (KC),53
2026-02-24,Northland Christian,63,Frontier School of Excellence Charter,37
2026-02-24,Albany,49,Tarkio with Fairfax,47
2026-02-24,Gallatin,64,St. Joseph Christian,37
2026-02-24,Penney,64,Maysville,63
2026-02-24,St. Clair,59,East Prairie,56
2026-02-24,Caruthersville,83,Kelly,40
2026-02-24,Malden,57,Portageville,39
2026-02-24,West County,64,Saxony Lutheran,45
2026-02-24,Arcadia Valley,75,Clearwater,48
2026-02-24,Kingston,53,Grandview (Hillsboro),47
2026-02-24,Hancock,54,St. Pius X (Festus),63
2026-02-24,KIPP St. Louis Sr.,56,Bishop DuBourg,44
2026-02-24,Soldan International Studies,70,Believe Acad Charter,26
2026-02-24,Bowling Green,55,Elsberry,58
2026-02-24,Duchesne,73,Veritas Christian Academy,40
2026-02-24,South Shelby,77,Clark County,49
2026-02-24,Monroe City,77,Mark Twain,42
2026-02-24,Macon,57,Highland,43
2026-02-24,Montgomery County,63,Slater,48
2026-02-24,Hermann,61,Missouri Military Academy,25
2026-02-24,North Callaway,63,Linn,29
2026-02-24,Warsaw,57,Laquey,62
2026-02-24,Belle,95,Bourbon,26
2026-02-24,Fatima,76,Iberia,42
2026-02-24,Licking,62,Houston,49
2026-02-24,Thayer,69,Cabool,37
2026-02-24,Fair Grove,54,Gainesville,64
2026-02-24,Union,68,Conway,31
2026-02-24,Greenwood,61,Ava,48
2026-02-24,Marionville,51,Tuscumbia,41
2026-02-24,Pierce City,72,New Covenant Academy,39
2026-02-24,Diamond,39,Sarcoxie,35
2026-02-24,Miller,46,Ash Grove,52
2026-02-24,Lamar,57,El Dorado Springs,46
2026-02-24,Willard,50,Adrian,77
2026-02-24,Versailles,88,Sherwood,41
2026-02-24,Cole Camp,50,Butler,42
2026-02-24,Lexington,66,Holden,59
2026-02-24,Lone Jack,75,Hogan Prep Academy Charter,43
2026-02-24,West Platte,34,Bishop LeBlond,47
2026-02-24,East Buchanan,53,Crossroads Prep Charter,20
2026-02-24,Trenton,58,Brookfield,76
2026-02-24,Lawson,56,Lathrop,41
2026-02-24,Ruskin,66,Belton,46
2026-02-24,Pembroke Hill,43,Benton,78
2026-02-24,Lee's Summit,87,Blue Springs,69
2026-02-24,Liberty North,71,Blue Springs South,73
2026-02-24,Mt. Vernon,68,Buffalo,58
2026-02-24,Marshfield,80,Carl Junction,89
2026-02-24,Kennett,38,Central (Cape Girardeau),47
2026-02-24,Waynesville,55,Central (Springfield),78
2026-02-24,North Kansas City,61,Central (St. Joseph),29
2026-02-24,Cameron,34,Chillicothe,56
2026-02-24,Westminster Christian Academy,55,Christian Brothers College,60
2026-02-24,John Burroughs,52,Confluence Prep Academy Charter,56
2026-02-24,Webster Groves,58,De Smet Jesuit,67
2026-02-24,Notre Dame (Cape Girardeau),54,Dexter,63
2026-02-24,Hollister,59,East Newton,61
2026-02-24,Southern Boone,82,Eldon,58
2026-02-24,Sparta,67,Excelsior Springs,35
2026-02-24,DeSoto,50,Farmington,97
2026-02-24,Festus,70,Fox,36
2026-02-24,Orchard Farm,81,Ft. Zumwalt East,47
2026-02-24,Ft. Zumwalt North,50,Ft. Zumwalt South,72
2026-02-24,Liberty (Wentzville),62,Ft. Zumwalt West,58
2026-02-24,Kickapoo,75,Glendale,57
2026-02-24,St. Charles,57,Grain Valley,48
2026-02-24,Kearney,71,Grandview,48
2026-02-24,Mexico,68,Hannibal,58
2026-02-24,Pleasant Hill,61,Harrisonville,71
2026-02-24,Hickman,43,Helias Catholic,56
2026-02-24,Cardinal Ritter,76,Jennings,58
2026-02-24,Marshall,43,Kirksville,58
2026-02-24,Eureka,43,Kirkwood,39
2026-02-24,Lutheran St. Charles,71,Ladue Horton Watkins,86
2026-02-24,Savannah,45,Lafayette (St. Joseph),61
2026-02-24,Francis Howell Central,61,Lafayette (Wildwood),66
2026-02-24,Carthage,64,Lebanon,59
2026-02-24,Miller Career Academy,60,Lift for Life Academy Charter,82
2026-02-24,Southeast,38,Lincoln College Prep,59
2026-02-24,St. Charles,64,Lutheran South,66
2026-02-24,McCluer,24,McCluer North,55
2026-02-24,Windsor (Imperial),69,Mehlville,78
2026-02-24,Fulton,55,Moberly,62
2026-02-24,Webb City,36,Neosho,57
2026-02-24,McDonald County,45,Nevada,57
2026-02-24,Central (Kansas City),68,Northeast (Kansas City),77
2026-02-24,Park Hill South,44,Oak Park,58
2026-02-24,Camdenton,58,Osage,84
2026-02-24,Nixa,44,Ozark,45
2026-02-24,Liberty,50,Park Hill,45
2026-02-24,Joplin,48,Parkview,51
2026-02-24,St. Charles West,46,Parkway Central,56
2026-02-24,Lindbergh,40,Parkway South,52
2026-02-24,Rockwood Summit,45,Parkway West,58
2026-02-24,Hillsboro,76,Potosi,77
2026-02-24,Fort Osage,59,Raytown,65
2026-02-24,Winnetonka,54,Raytown South,52
2026-02-24,Pattonville,51,Ritenour,31
2026-02-24,Blair Oaks,47,Rock Bridge,65
2026-02-24,Winona,81,Seneca,37
2026-02-24,MICDS,56,SLUH,48
2026-02-24,Lee's Summit West,52,Staley,74
2026-02-24,Owensville,53,Webb City,47
2026-02-24,Francis Howell North,75,Timberland,82
2026-02-24,Rolla,71,Union,36
2026-02-24,Clinton,77,Warrensburg,86
2026-02-24,Holt,73,Warrenton,58
2026-02-24,Hillcrest,61,West Plains,73
2026-02-24,Republic,47,Willard,33
2026-02-24,Platte County,63,William Chrisman,62
2026-02-25,Paseo Academy,44,Central (Kansas City),55
2026-02-25,Potosi,80,Central (Park Hills),55
2026-02-25,Webster Groves,66,Chaminade College Prep,81
2026-02-25,University City,70,Clayton,91
2026-02-25,Oak Grove,55,Excelsior Springs,18
2026-02-25,Marquette,67,Hazelwood Central,44
2026-02-25,Jennings,47,Hazelwood West,73
2026-02-25,Raymore-Peculiar,64,Lee's Summit North,62
2026-02-25,Aurora,54,Mt. Vernon,84
2026-02-25,Affton,47,Normandy Collaborative,52
2026-02-25,Staley,49,North Kansas City,57
2026-02-25,Northwest (Cedar Hill),58,St. Clair,55
2026-02-25,Orchard Farm,70,St. Dominic,59
2026-02-25,Christian Brothers College,43,Vianney,44
2026-02-26,Risco,60,Sweet Springs,54
2026-02-26,Cooter,79,Clarkton,52
2026-02-26,Delta,89,Richland (Essex),55
2026-02-26,Bell City,38,Leopold,48
2026-02-26,Bunker,109,Koshkonong,42
2026-02-26,Couch,76,Eminence,69
2026-02-26,Chadwick,76,Bradleyville,52
2026-02-26,Billings,49,School of the Ozarks,35
2026-02-26,Dadeville,55,Greenfield,51
2026-02-26,Golden City,50,McAuley Catholic,46
2026-02-26,Climax Springs,59,Hermitage,44
2026-02-26,Halfway,61,Wheatland,72
2026-02-26,Drexel,65,Ballard,36
2026-02-26,Miami (Amoret),50,Northeast Vernon County,47
2026-02-26,Kingsville,64,Sacred Heart,29
2026-02-26,Leeton,1,Otterville,0
2026-02-26,Van-Far,62,Tuscumbia,65
2026-02-26,Pilot Grove,56,Jamestown,59
2026-02-26,Christian Fellowship Sr.,67,Columbia Independent,64
2026-02-26,Higbee,45,Northeast (Cairo),54
2026-02-26,Green City,44,La Plata,35
2026-02-26,North Shelby,51,Atlanta,47
2026-02-26,Brunswick,84,Linn County,23
2026-02-26,Braymer,76,Hardin-Central,37
2026-02-26,North Harrison,57,Pattonsburg,83
2026-02-26,Faith Christian Academy,72,North Andrew,61
2026-02-26,Rock Port,53,Mound City,33
2026-02-26,Stover,66,Worth County,78
2026-02-26,Hayti,71,Neelyville,44
2026-02-26,Senath-Hornersville,49,Summersville,66
2026-02-26,Van Buren,80,Alton,70
2026-02-26,Stanberry,67,East Carter,71
2026-02-26,Puxico,75,Advance,42
2026-02-26,Bernie,59,Charleston,67
2026-02-26,St. Vincent,75,Meadow Heights,49
2026-02-26,Valle Catholic,60,Oak Ridge,47
2026-02-26,Van-Far,37,Clopton,47
2026-02-26,Schuyler County,75,Putnam County,73
2026-02-26,Senath-Hornersville,65,Canton,58
2026-02-26,Schuyler County,61,Marceline,40
2026-02-26,Glasgow,65,Westran,69
2026-02-26,New Franklin,66,Tipton,34
2026-02-26,Sarcoxie,70,Harrisburg,57
2026-02-26,Eugene,88,Macks Creek,43
2026-02-26,Newburg,67,Richland,48
2026-02-26,Hartville,36,Bakersfield,34
2026-02-26,Norwood,62,Mansfield,56
2026-02-26,Crane,61,Blue Eye,22
2026-02-26,Galena,86,Spokane,66
2026-02-26,Lockwood,58,Purdy,28
2026-02-26,Thomas Jefferson Independent Day,71,Exeter,44
2026-02-26,Lincoln,63,Archie,38
2026-02-26,Appleton City,59,Green Ridge,55
2026-02-26,Crest Ridge,83,Concordia,36
2026-02-26,St. Paul Lutheran (Concordia),64,Lutheran (Kansas City),37
2026-02-26,Wellington-Napoleon,64,Polo,51
2026-02-26,Academie Lafayette,60,Northland Christian,52
2026-02-26,West Nodaway with Nodaway-Holt,60,Albany,35
2026-02-26,Gallatin,57,Penney,63
2026-02-26,Central (New Madrid County),56,St. Clair,51
2026-02-26,Caruthersville,73,Malden,62
2026-02-26,Woodland,91,West County,36
2026-02-26,Seneca,75,Arcadia Valley,55
2026-02-26,Valley Park,77,Kingston,44
2026-02-26,Jefferson (Festus),59,St. Pius X (Festus),65
2026-02-26,Miller Career Academy,86,KIPP St. Louis Sr.,33
2026-02-26,McKinley Classical Leadership,66,Soldan International Studies,70
2026-02-26,Principia,74,Elsberry,21
2026-02-26,Whitfield,58,Duchesne,38
2026-02-26,Palmyra,55,South Shelby,38
2026-02-26,Monroe City,53,Macon,32
2026-02-26,Centralia,55,Montgomery County,43
2026-02-26,Hermann,52,North Callaway,58
2026-02-26,Dixon,84,Laquey,49
2026-02-26,Belle,59,Fatima,73
2026-02-26,Liberty (Mountain View),67,Licking,64
2026-02-26,Willow Springs,49,Thayer,59
2026-02-26,Smithville,46,Gainesville,41
2026-02-26,Union,41,Greenwood,52
2026-02-26,New Heights Christian,65,Marionville,37
2026-02-26,Pierce City,46,Diamond,33
2026-02-26,Wellsville-Middletown,65,Ash Grove,55
2026-02-26,South Shelby,69,Lamar,54
2026-02-26,Windsor,56,Adrian,40
2026-02-26,Versailles,70,Cole Camp,43
2026-02-26,Lafayette County,54,Lexington,52
2026-02-26,University Academy Charter,73,Lone Jack,66
2026-02-26,Mid-Buchanan,71,Bishop LeBlond,61
2026-02-26,North Platte,51,East Buchanan,48
2026-02-26,Carrollton,71,Brookfield,63
2026-02-26,St. Elizabeth,64,Lawson,39
2026-02-26,Hollister,60,Aurora,63
2026-02-26,Clever,56,Branson,61
2026-02-26,California,40,Camdenton,54
2026-02-26,Maryville,50,Chillicothe,31
2026-02-26,Potosi,69,DeSoto,36
2026-02-26,Fulton,76,Eldon,78
2026-02-26,Parkway West,27,Eureka,56
2026-02-26,Cassville,42,Forsyth,57
2026-02-26,Pacific,69,Fox,66
2026-02-26,Confluence Prep Academy Charter,51,Francis Howell,60
2026-02-26,Father Tolton,54,Hallsville,66
2026-02-26,Lutheran North,75,Hazelwood West,55
2026-02-26,Jefferson City,44,Hickman,61
2026-02-26,Lindbergh,37,John Burroughs,40
2026-02-26,Winnetonka,52,Kearney,61
2026-02-26,Doniphan,90,Kennett,62
2026-02-26,Pattonville,71,Kirkwood,54
2026-02-26,Bolivar,38,Logan-Rogersville,76
2026-02-26,Buffalo,51,Marshfield,69
2026-02-26,Ft. Zumwalt West,50,North Point,36
2026-02-26,Jackson,62,Notre Dame (Cape Girardeau),48
2026-02-26,Lutheran South,63,Parkway Central,72
2026-02-26,McCluer,39,Parkway South,56
2026-02-26,Ste. Genevieve,65,Perryville,62
2026-02-26,Odessa,57,Richmond,50
2026-02-26,Seckman,65,Rockwood Summit,67
2026-02-26,Affton,75,Roosevelt,41
2026-02-26,East Newton,60,Seneca,24
2026-02-26,Blair Oaks,50,Southern Boone,48
2026-02-26,Mountain Grove,66,Springfield Catholic,71
2026-02-26,Ft. Zumwalt South,62,St. Charles,55
2026-02-26,Parkway North,41,St. Charles West,48
2026-02-26,Reeds Spring,48,Winona,57
2026-02-26,Northwest (Cedar Hill),62,Webb City,42
2026-02-26,Oak Park,69,Summit Christian Academy,61
2026-02-26,Union,60,Troy Buchanan,47
2026-02-26,Lafayette (St. Joseph),41,Versailles,63
2026-02-26,Pleasant Hill,87,Warsaw,44
2026-02-27,Camdenton,40,Battle,52
2026-02-27,St. Charles,66,Belton,63
2026-02-27,Normandy Collaborative,29,Cardinal Ritter,83
2026-02-27,Christian Brothers College,65,Central (Cape Girardeau),46
2026-02-27,Park Hill,58,Central (St. Joseph),49
2026-02-27,Ladue Horton Watkins,47,Clayton,76
2026-02-27,Francis Howell Central,82,Francis Howell North,54
2026-02-27,Herculaneum,64,Fredericktown,97
2026-02-27,Kirksville,61,Fulton,36
2026-02-27,Lebanon,62,Glendale,70
2026-02-27,Raytown,39,Grain Valley,63
2026-02-27,Oakville,66,Hillsboro,46
2026-02-27,Webb City,39,Joplin,42
2026-02-27,Central (Springfield),30,Kickapoo,64
2026-02-27,Warrensburg,55,Knob Noster,51
2026-02-27,Staley,55,Lee's Summit,52
2026-02-27,Blue Springs,55,Lee's Summit North,72
2026-02-27,Ft. Zumwalt North,58,Liberty (Wentzville),59
2026-02-27,Lee's Summit West,51,Liberty North,55
2026-02-27,Gateway Science Charter,38,Maplewood-Richmond Hts.,83
2026-02-27,Webster Groves,72,Marquette,54
2026-02-27,Neosho,57,Nixa,84
2026-02-27,Park Hill South,50,North Kansas City,65
2026-02-27,Liberty,43,Oak Park,56
2026-02-27,Fort Osage,61,Platte County,63
2026-02-27,Blue Springs South,61,Raymore-Peculiar,56
2026-02-27,Parkview,46,Republic,71
2026-02-27,Helias Catholic,49,Rock Bridge,66
2026-02-27,William Chrisman,38,Ruskin,70
2026-02-27,Capital City,47,Savannah,66
2026-02-27,Grandview,84,Sparta,53
2026-02-27,Pembroke Hill,75,Versailles,56
2026-02-27,Ozark,62,Waynesville,38
2026-02-27,Carthage,43,Willard,64
2026-02-27,Orchard Farm,68,Winfield,43
2026-02-28,Risco,60,Cooter,65
2026-02-28,Delta,62,Leopold,76
2026-02-28,Bunker,94,Couch,47
2026-02-28,Chadwick,41,Billings,43
2026-02-28,Dadeville,63,Golden City,44
2026-02-28,Climax Springs,66,Wheatland,74
2026-02-28,Drexel,50,Miami (Amoret),32
2026-02-28,Kingsville,53,Leeton,38
2026-02-28,Jamestown,54,Tuscumbia,56
2026-02-28,Christian Fellowship Sr.,58,Northeast (Cairo),61
2026-02-28,Green City,69,North Shelby,61
2026-02-28,Brunswick,76,Meadville,37
2026-02-28,Braymer,46,Orrick,36
2026-02-28,Princeton,56,Pattonsburg,47
2026-02-28,Rock Port,58,Worth County,51
2026-02-28,Hayti,55,Summersville,51
2026-02-28,Van Buren,62,East Carter,73
2026-02-28,Puxico,54,Charleston,52
2026-02-28,St. Vincent,62,Valle Catholic,48
2026-02-28,Schuyler County,67,Senath-Hornersville,51
2026-02-28,Schuyler County,55,Westran,59
2026-02-28,New Franklin,70,Sarcoxie,47
2026-02-28,Eugene,58,Newburg,30
2026-02-28,Hartville,50,Norwood,41
2026-02-28,Crane,70,Galena,56
2026-02-28,Lockwood,64,Thomas Jefferson Independent Day,51
2026-02-28,Lincoln,55,Appleton City,39
2026-02-28,Crest Ridge,57,St. Paul Lutheran (Concordia),38
2026-02-28,Wellington-Napoleon,54,Academie Lafayette,43
2026-02-28,West Nodaway with Nodaway-Holt,63,Penney,66
2026-02-28,Central (New Madrid County),58,Caruthersville,62
2026-02-28,Woodland,67,Seneca,58
2026-02-28,Valley Park,88,St. Pius X (Festus),55
2026-02-28,Miller Career Academy,76,Soldan International Studies,31
2026-02-28,Principia,97,Whitfield,46
2026-02-28,Palmyra,46,Monroe City,66
2026-02-28,Centralia,59,North Callaway,43
2026-02-28,Dixon,67,Fatima,66
2026-02-28,Liberty (Mountain View),61,Thayer,47
2026-02-28,Smithville,44,Greenwood,33
2026-02-28,New Heights Christian,40,Pierce City,37
2026-02-28,Wellsville-Middletown,46,South Shelby,59
2026-02-28,Windsor,43,Versailles,37
2026-02-28,Lafayette County,41,University Academy Charter,47
2026-02-28,Mid-Buchanan,76,North Platte,77
2026-02-28,Carrollton,52,St. Elizabeth,58
2026-02-28,Lutheran South,54,Lutheran North,69
2026-03-03,Leopold,45,Cooter,54
2026-03-03,Billings,49,Bunker,64
2026-03-03,Princeton,29,Braymer,57
2026-03-03,Rock Port,62,Faith Christian Academy,69
2026-03-03,Wheatland,59,Dadeville,57
2026-03-03,Kingsville,64,Drexel,52
2026-03-03,Northeast (Cairo),83,Tuscumbia,54
2026-03-03,Brunswick,65,Green City,46
2026-03-03,East Carter,49,Hayti,66
2026-03-03,St. Vincent,56,Puxico,74
2026-03-03,Crest Ridge,40,Lincoln,47
2026-03-03,Penney,64,Wellington-Napoleon,46
2026-03-03,Schuyler County,44,Clopton,47
2026-03-03,New Franklin,46,Westran,48
2026-03-03,Hartville,27,Eugene,29
2026-03-03,Lockwood,49,Crane,64
2026-03-03,Woodland,85,Caruthersville,46
2026-03-03,Miller Career Academy,75,Valley Park,49
2026-03-03,University Academy Charter,49,Windsor,54
2026-03-03,St. Elizabeth,61,North Platte,78
2026-03-03,Monroe City,18,Principia,77
2026-03-03,Dixon,52,Centralia,50
2026-03-03,Smithville,60,Liberty (Mountain View),66
2026-03-03,South Shelby,60,New Heights Christian,51
2026-03-03,Doniphan,57,Kennett,55
2026-03-03,Fredericktown,72,Perryville,52
2026-03-03,North County,58,Herculaneum,47
2026-03-03,Ste. Genevieve,80,Central (Park Hills),60
2026-03-03,Owensville,52,Webb City,35
2026-03-03,St. Clair,61,Cuba,47
2026-03-03,Priory,86,Affton,45
2026-03-03,Maplewood-Richmond Hts.,80,Gateway Science Charter,48
2026-03-03,Confluence Prep Academy Charter,95,Roosevelt,18
2026-03-03,West Plains,51,Metro,41
2026-03-03,Jennings,89,Normandy Collaborative,62
2026-03-03,Winfield,48,Lutheran St. Charles,62
2026-03-03,St. Charles,66,STEAM Academy,32
2026-03-03,Kirksville,45,Fulton,57
2026-03-03,Hallsville,65,Wright City,33
2026-03-03,Osage,85,Eldon,84
2026-03-03,Boonville,50,California,33
2026-03-03,Mountain Grove,74,Warsaw,37
2026-03-03,Winona,45,Buffalo,50
2026-03-03,Hollister,68,Aurora,53
2026-03-03,Springfield Catholic,50,Reeds Spring,40
2026-03-03,Monett,46,Cassville,45
2026-03-03,Mt. Vernon,59,Seneca,27
2026-03-03,Clinton,76,Pleasant Hill,84
2026-03-03,St. Michael the Archangel,62,Barstow,53
2026-03-03,Knob Noster,66,Richmond,72
2026-03-03,Odessa,56,Excelsior Springs,42
2026-03-03,Southeast,61,Paseo Academy,39
2026-03-03,Central (Kansas City),109,Guadalupe Centers Charter,26
2026-03-03,Lafayette (St. Joseph),51,Savannah,45
2026-03-03,Chillicothe,55,Cameron,28
2026-03-03,Sikeston,83,DeSoto,36
2026-03-03,Hillsboro,57,West Plains,66
2026-03-03,Festus,62,Poplar Bluff,49
2026-03-03,Farmington,68,Central (Cape Girardeau),36
2026-03-03,Webster Groves,77,Mehlville,52
2026-03-03,Rockwood Summit,58,Lutheran South,47
2026-03-03,Vianney,85,Pacific,26
2026-03-03,Westminster Christian Academy,82,Windsor (Imperial),28
2026-03-03,MICDS,87,Riverview Gardens,44
2026-03-03,University City,67,Ladue Horton Watkins,75
2026-03-03,McCluer North,66,McCluer,33
2026-03-03,Hazelwood East,42,John Burroughs,41
2026-03-03,Ft. Zumwalt South,54,North Point,23
2026-03-03,Parkway North,59,Ft. Zumwalt East,31
2026-03-03,Holt,58,Hannibal,28
2026-03-03,Parkway Central,50,Warrenton,41
2026-03-03,Helias Catholic,79,Camdenton,41
2026-03-03,Father Tolton,42,Union,35
2026-03-03,Capital City,66,Lebanon,30
2026-03-03,Jefferson City,56,Washington,53
2026-03-03,Hillcrest,61,McDonald County,42
2026-03-03,Parkview,56,Central (Springfield),60
2026-03-03,Carl Junction,89,Marshfield,58
2026-03-03,Webb City,59,Willard,79
2026-03-03,Raytown South,68,William Chrisman,43
2026-03-03,Belton,49,Grandview,48
2026-03-03,Versailles,60,Warrensburg,46
2026-03-03,Raytown,65,Ruskin,38
2026-03-03,Kearney,72,KIPP KC Legacy,27
2026-03-03,Lincoln College Prep,68,St. Pius X (Kansas City),45
2026-03-03,Pembroke Hill,69,Northeast (Kansas City),53
2026-03-03,Winnetonka,68,Platte County,44
2026-03-03,Cardinal Ritter,80,Fox,37
2026-03-03,Seckman,43,SLUH,62
2026-03-03,Jackson,46,Oakville,36
2026-03-03,Lindbergh,66,Kirkwood,53
2026-03-03,Rolla,83,Northwest (Cedar Hill),30
2026-03-03,Lafayette (Wildwood),56,Parkway West,41
2026-03-03,Marquette,63,Waynesville,33
2026-03-03,Eureka,54,Parkway South,35
2026-03-03,Chaminade College Prep,104,Ritenour,40
2026-03-03,Christian Brothers College,74,Hazelwood Central,48
2026-03-03,De Smet Jesuit,91,Francis Howell North,32
2026-03-03,Pattonville,77,Hazelwood West,33
2026-03-03,St. Dominic,66,Liberty (Wentzville),23
2026-03-03,Ft. Zumwalt West,77,Ft. Zumwalt North,65
2026-03-03,Francis Howell Central,89,Timberland,52
2026-03-03,Francis Howell,68,Troy Buchanan,60
2026-03-03,Kickapoo,62,Joplin,27
2026-03-03,Republic,52,Ozark,36
2026-03-03,Glendale,50,Branson,55
2026-03-03,Nixa,71,Neosho,40
2026-03-03,Rockhurst,74,Carthage,43
2026-03-03,St. Charles,58,Summit Christian Academy,70
2026-03-03,Lee's Summit,57,Lee's Summit West,39
2026-03-03,Lee's Summit North,67,Raymore-Peculiar,39
2026-03-03,Battle,83,Fort Osage,56
2026-03-03,Rock Bridge,35,Grain Valley,37
2026-03-03,Blue Springs South,83,Hickman,70
2026-03-03,Blue Springs,75,Savannah,53
2026-03-03,Oak Park,86,Central (St. Joseph),37
2026-03-03,Liberty,59,Park Hill South,48
2026-03-03,North Kansas City,62,Liberty North,33
2026-03-03,Staley,60,Park Hill,54
2026-03-05,Dexter,73,Doniphan,42
2026-03-05,Notre Dame (Cape Girardeau),60,Fredericktown,49
2026-03-05,Potosi,71,North County,62
2026-03-05,Bayless,58,Ste. Genevieve,52
2026-03-05,St. James,56,Owensville,29
2026-03-05,Salem,49,St. Clair,52
2026-03-05,Clayton,90,Priory,69
2026-03-05,St. Francis Borgia,80,Maplewood-Richmond Hts.,58
2026-03-05,Webster Groves,92,Confluence Prep Academy Charter,48
2026-03-05,Gateway,36,Lift for Life Academy Charter,71
2026-03-05,Waynesville,87,West Plains,27
2026-03-05,Lutheran North,72,Jennings,53
2026-03-05,Orchard Farm,78,Lutheran St. Charles,58
2026-03-05,St. Charles West,58,St. Charles,42
2026-03-05,Mexico,54,Fulton,41
2026-03-05,Moberly,52,Hallsville,57
2026-03-05,Blair Oaks,78,Osage,70
2026-03-05,Southern Boone,62,Boonville,54
2026-03-05,Logan-Rogersville,87,Mountain Grove,51
2026-03-05,Bolivar,69,Buffalo,51
2026-03-05,Forsyth,49,Hollister,36
2026-03-05,Clever,43,Springfield Catholic,59
2026-03-05,Nevada,69,Monett,46
2026-03-05,East Newton,63,Mt. Vernon,68
2026-03-05,Harrisonville,73,Pleasant Hill,50
2026-03-05,Center,53,St. Michael the Archangel,70
2026-03-05,Oak Grove,75,Richmond,56
2026-03-05,Marshall,65,Odessa,44
2026-03-05,Sparta,63,Southeast,29
2026-03-05,Ewing Marion Kauffman,63,Central (Kansas City),53
2026-03-05,Benton,67,Lafayette (St. Joseph),22
2026-03-05,Maryville,44,Chillicothe,42
2026-03-05,Sikeston,67,West Plains,40
2026-03-05,Festus,53,Farmington,43
2026-03-05,Webster Groves,70,Rockwood Summit,35
2026-03-05,Vianney,74,Westminster Christian Academy,61
2026-03-05,MICDS,61,Ladue Horton Watkins,29
2026-03-05,McCluer North,61,Hazelwood East,44
2026-03-05,Ft. Zumwalt South,33,Parkway North,38
2026-03-05,Holt,65,Parkway Central,50
2026-03-05,Helias Catholic,77,Father Tolton,46
2026-03-05,Capital City,73,Jefferson City,62
2026-03-05,Hillcrest,72,Central (Springfield),48
2026-03-05,Carl Junction,64,Willard,60
2026-03-05,Raytown South,58,Belton,45
2026-03-05,Versailles,54,Raytown,61
2026-03-05,Kearney,49,Lincoln College Prep,51
2026-03-05,Pembroke Hill,60,Winnetonka,75
2026-03-05,Cardinal Ritter,55,SLUH,48
2026-03-05,Jackson,52,Lindbergh,54
2026-03-05,Rolla,56,Lafayette (Wildwood),59
2026-03-05,Marquette,48,Eureka,41
2026-03-05,Chaminade College Prep,62,Christian Brothers College,52
2026-03-05,De Smet Jesuit,65,Pattonville,42
2026-03-05,St. Dominic,52,Ft. Zumwalt West,39
2026-03-05,Francis Howell Central,66,Francis Howell,57
2026-03-05,Kickapoo,65,Republic,38
2026-03-05,Nixa,68,Branson,56
2026-03-05,Rockhurst,52,Summit Christian Academy,35
2026-03-05,Lee's Summit,56,Lee's Summit North,49
2026-03-05,Battle,63,Grain Valley,57
2026-03-05,Blue Springs South,62,Blue Springs,26
2026-03-05,Oak Park,60,Liberty,41
2026-03-05,North Kansas City,47,Staley,46
2026-03-07,Bunker,64,Cooter,59
2026-03-07,Faith Christian Academy,64,Braymer,48
2026-03-07,Kingsville,74,Wheatland,56
2026-03-07,Brunswick,75,Northeast (Cairo),57
2026-03-07,Puxico,49,Hayti,54
2026-03-07,Penney,51,Lincoln,35
2026-03-07,Westran,40,Clopton,49
2026-03-07,Crane,45,Eugene,60
2026-03-07,Miller Career Academy,96,Woodland,89
2026-03-07,North Platte,73,Windsor,61
2026-03-07,Dixon,56,Principia,106
2026-03-07,South Shelby,52,Liberty (Mountain View),64
2026-03-07,Dexter,59,Notre Dame (Cape Girardeau),47
2026-03-07,Potosi,57,Bayless,53
2026-03-07,St. James,48,St. Clair,22
2026-03-07,Clayton,71,St. Francis Borgia,59
2026-03-07,Webster Groves,64,Lift for Life Academy Charter,66
2026-03-07,Waynesville,75,Lutheran North,59
2026-03-07,Orchard Farm,49,St. Charles West,37
2026-03-07,Mexico,70,Hallsville,74
2026-03-07,Blair Oaks,44,Southern Boone,53
2026-03-07,Logan-Rogersville,53,Bolivar,25
2026-03-07,Forsyth,75,Springfield Catholic,55
2026-03-07,Nevada,59,Mt. Vernon,42
2026-03-07,Harrisonville,53,St. Michael the Archangel,71
2026-03-07,Oak Grove,84,Marshall,66
2026-03-07,Sparta,56,Ewing Marion Kauffman,54
2026-03-07,Benton,68,Maryville,34
2026-03-07,Sikeston,62,Festus,51
2026-03-07,Webster Groves,56,Vianney,76
2026-03-07,MICDS,48,McCluer North,44
2026-03-07,Holt,41,Parkway North,32
2026-03-07,Helias Catholic,75,Capital City,62
2026-03-07,Hillcrest,63,Carl Junction,61
2026-03-07,Raytown South,59,Raytown,44
2026-03-07,Winnetonka,51,Lincoln College Prep,58
2026-03-07,Cardinal Ritter,54,Lindbergh,47
2026-03-07,Marquette,58,Lafayette (Wildwood),43
2026-03-07,Chaminade College Prep,59,De Smet Jesuit,74
2026-03-07,St. Dominic,50,Francis Howell Central,54
2026-03-07,Kickapoo,64,Nixa,49
2026-03-07,Rockhurst,60,Lee's Summit,46
2026-03-07,Battle,65,Blue Springs South,69
2026-03-07,Oak Park,58,North Kansas City,49
2026-03-10,Potosi,39,Dexter,74
2026-03-10,Clayton,75,St. James,61
2026-03-10,Oak Grove,48,St. Michael the Archangel,61
2026-03-10,Benton,81,Sparta,45
2026-03-10,Waynesville,64,Lift for Life Academy Charter,49
2026-03-10,Hallsville,48,Orchard Farm,69
2026-03-10,Logan-Rogersville,72,Southern Boone,39
2026-03-10,Nevada,53,Forsyth,46
2026-03-13,Faith Christian Academy,50,Bunker,64
2026-03-13,Brunswick,73,Kingsville,54
2026-03-13,Penney,48,Hayti,75
2026-03-13,Eugene,64,Clopton,45
2026-03-13,North Platte,56,Miller Career Academy,75
2026-03-13,Liberty (Mountain View),33,Principia,70
2026-03-14,Brunswick,54,Bunker,61
2026-03-14,Kingsville,37,Faith Christian Academy,64
2026-03-14,Eugene,71,Hayti,56
2026-03-14,Clopton,25,Penney,50
2026-03-14,Principia,98,Miller Career Academy,34
2026-03-14,Liberty (Mountain View),57,North Platte,61
2026-03-14,Clayton,77,Dexter,54
2026-03-14,Benton,65,St. Michael the Archangel,43
2026-03-14,Orchard Farm,53,Waynesville,68
2026-03-14,Nevada,39,Logan-Rogersville,73
2026-03-14,Vianney,60,Sikeston,62
2026-03-14,Lincoln College Prep,57,Raytown South,66
2026-03-14,Holt,47,MICDS,59
2026-03-14,Hillcrest,71,Helias Catholic,57
2026-03-14,Marquette,76,Cardinal Ritter,81
2026-03-14,Oak Park,73,Blue Springs South,74
2026-03-14,Francis Howell Central,54,De Smet Jesuit,77
2026-03-14,Rockhurst,42,Kickapoo,29
2026-03-20,Benton,52,Clayton,54
2026-03-20,Logan-Rogersville,74,Waynesville,60
2026-03-20,Raytown South,47,Sikeston,56
2026-03-20,Hillcrest,35,MICDS,62
2026-03-20,Blue Springs South,54,Cardinal Ritter,51
2026-03-20,Rockhurst,52,De Smet Jesuit,64
2026-03-21,Logan-Rogersville,72,Clayton,36
2026-03-21,Waynesville,81,Benton,84
2026-03-21,MICDS,55,Sikeston,38
2026-03-21,Hillcrest,57,Raytown South,51
2026-03-21,De Smet Jesuit,78,Blue Springs South,61
2026-03-21,Rockhurst,68,Cardinal Ritter,55
